user_id,item_id,type_1,type_2,type_3,type_4_x,type_4_y,labels
256830,304174289,1,0,0,0,0,0
302466,157278592,1,0,0,0,0,0
302466,203858242,1,0,1,0,0,0
335949,65471245,1,0,0,0,0,0
366030,361554834,2,0,0,0,0,0
369327,185232427,1,0,0,0,0,0
369327,304329194,1,0,0,0,0,0
447828,33885598,1,0,0,0,0,0
454872,217161437,1,1,0,0,0,0
519693,11234207,1,0,0,0,0,0
536394,66258948,1,0,0,0,0,0
595845,303953054,1,0,0,0,0,0
599436,220369426,1,0,0,0,0,0
599436,311262760,1,0,0,0,0,0
1107934,364010681,1,0,0,0,0,0
1117078,102965931,1,0,0,0,0,0
1307287,296786641,1,0,0,0,0,0
1321831,27805912,1,0,0,0,0,0
1321831,122006821,1,0,0,0,0,0
1382821,272447708,1,0,0,0,0,0
1422904,5549813,1,0,0,0,0,0
1453366,299108944,1,0,0,0,0,0
1755625,106150753,1,0,0,0,0,0
1953838,137358685,1,0,0,0,0,0
2055952,341914056,1,0,0,0,0,0
2198065,216965554,1,0,0,0,0,0
2255818,80656313,1,0,0,0,0,0
2281444,167179855,1,0,0,0,0,0
2336722,44188842,1,1,0,0,0,0
2336722,175180844,1,0,0,0,0,0
2473933,194264351,1,0,0,0,0,0
2619031,348872966,2,0,0,0,0,0
2630830,18486346,1,0,0,0,0,0
2630830,63888650,1,0,0,0,0,0
2860711,233529469,1,0,0,0,0,0
2961442,188539337,1,0,0,0,0,0
3005065,128987937,1,0,0,0,0,0
3033142,14713340,1,0,0,0,0,0
3033142,372182761,1,0,0,0,0,0
3074629,261212667,1,0,0,0,0,0
3151543,37456607,1,0,0,0,0,0
3191272,374802338,1,0,0,0,0,0
3285586,7453020,1,0,0,0,0,0
3285586,359904472,1,0,0,0,0,0
3285586,367845140,2,0,0,0,0,0
3285586,389475837,1,0,0,0,0,0
3320605,241027485,1,0,1,0,0,0
3320605,372333326,1,0,1,0,0,0
3376717,83911504,1,0,0,0,0,0
3376717,234996371,1,0,0,0,0,0
3376717,311734893,1,0,0,0,0,0
3387352,64160297,1,0,0,0,0,0
3454078,305028477,1,0,0,0,0,0
3541447,234517063,1,0,0,0,0,0
3577960,193399959,1,0,0,0,0,0
3746680,55386676,1,0,0,0,0,0
3746680,209443987,1,0,0,0,0,0
3777256,16002067,1,1,0,0,0,0
3822844,279899759,1,0,0,0,0,0
3883093,148329902,1,0,0,0,0,0
3927337,243817188,1,0,0,0,0,0
4252574,377430663,1,0,0,0,0,0
4328543,33882119,2,0,0,0,0,0
4365869,227477340,1,0,0,0,0,0
4365869,357700145,1,0,0,0,0,0
4472513,83013703,1,0,0,0,0,0
4498439,110998572,1,0,0,0,0,0
4547276,74977824,1,0,0,0,0,0
4714856,67558192,1,0,0,0,0,0
4828274,45182848,1,0,0,0,0,0
4828274,356182907,1,0,0,0,0,0
5118260,115851077,1,0,0,0,0,0
5193149,225611263,1,0,0,0,0,0
5352155,208927267,1,0,0,0,0,0
5352155,335956990,3,1,1,1,0,0
5357789,52263794,1,0,0,0,0,0
5371991,193352627,1,0,0,0,0,0
5436527,359652601,1,0,0,0,0,0
5436527,361612157,1,0,1,0,0,0
5480099,219469694,2,0,1,0,0,0
5559212,112539444,1,0,0,0,0,0
5662874,79692322,1,0,0,0,0,0
5708087,362374133,1,0,0,0,0,0
5854907,21597808,1,0,0,0,0,0
5854907,79868405,1,0,0,0,0,0
5922326,9303865,1,0,0,0,0,0
5922326,269255046,1,0,0,0,0,0
5989643,44863092,1,0,0,0,0,0
6031979,192854693,1,0,0,0,0,0
6044438,387747375,1,0,0,0,0,0
6057182,313569571,1,0,0,0,0,0
6111410,29435299,1,0,0,0,0,0
6111410,57236895,1,0,0,0,0,0
6111410,212379175,1,0,0,0,0,0
6111410,311470039,1,0,0,0,0,0
6264206,81043001,1,0,0,0,0,0
6264206,208561894,1,0,0,0,0,0
6337658,102608498,1,0,0,0,0,0
6337658,145988277,1,0,0,0,0,0
6536165,159851332,1,0,0,0,0,0
10038384,234430486,1,0,0,0,0,0
10169814,116665543,1,0,0,0,0,0
10357743,317841481,1,0,0,0,0,0
10386495,51975152,1,0,0,0,0,0
10691352,247757518,1,0,0,0,0,0
10710516,258457082,1,0,0,0,0,0
10820115,64500585,1,0,1,0,0,0
10820115,251546904,1,0,0,0,0,0
10823697,36410770,3,0,1,0,0,0
10874175,111468225,1,0,0,0,0,0
10874175,130208673,1,0,0,0,0,0
10874175,151180044,1,0,0,0,0,0
10874175,168269249,1,0,0,0,0,0
10874175,394896830,1,1,0,0,0,0
10876284,239640568,1,0,0,0,0,0
10935918,213073956,1,0,0,0,0,0
10935918,351367888,3,0,0,0,0,0
11024946,272766863,1,0,0,0,0,0
11098281,160866246,1,0,0,0,0,0
11105622,92692869,1,0,0,0,0,0
11159625,186653415,2,0,1,0,0,0
11448627,82007879,1,0,0,0,0,0
11463048,150823353,1,0,0,0,0,0
11463048,184418300,1,1,0,0,0,0
11525370,25760545,2,0,0,0,0,0
11525370,74466964,1,0,0,0,0,0
11525370,121617483,1,0,0,0,0,0
11583387,265122669,1,0,0,0,0,0
11769753,13017276,1,0,0,0,0,0
11862846,310024368,1,0,0,0,0,0
11960052,278929860,1,0,0,0,0,0
12004416,397235000,1,0,0,0,0,0
12089679,321616576,1,0,0,0,0,0
12183066,124370395,1,0,0,0,0,0
12354009,14059278,1,0,0,0,0,0
12361452,86678648,1,0,0,0,0,0
12361452,120428413,1,0,1,0,0,0
12361452,162046512,1,0,0,0,0,0
12405354,66901907,1,0,0,0,0,0
12409914,114681040,1,0,0,0,0,0
12409914,393016544,1,0,0,0,0,0
12455196,242714991,1,0,0,0,0,0
12473103,312154925,1,0,0,0,0,0
12523584,139302549,2,0,0,0,0,0
12578052,242034655,1,0,0,0,0,0
12661032,215211136,1,0,0,0,0,0
12712320,8001245,1,0,0,0,0,0
12759393,149985341,1,0,0,0,0,0
12759393,348007979,1,0,0,0,0,0
12842772,90503251,1,0,0,0,0,0
12853122,167822567,1,0,1,0,0,0
12952941,101273189,1,0,0,0,0,0
12952941,139232361,3,0,1,0,0,0
12952941,351684132,1,0,0,0,0,0
13036407,269565798,2,0,0,0,0,0
13167552,398831452,1,0,0,0,0,0
13231722,61360056,1,0,0,0,0,0
13264236,82190201,1,0,0,0,0,0
13277721,134632501,1,0,0,0,0,0
13464387,137787943,2,0,0,0,0,0
13642146,10619057,1,0,0,0,0,0
13642146,107618339,1,0,0,0,0,0
13678830,95134196,1,0,0,0,0,0
13709817,62064311,1,0,0,0,0,0
13773861,347571509,1,0,0,0,0,0
13822014,243943529,1,0,0,0,0,0
13855554,37352061,1,0,0,0,0,0
13855554,398509312,1,0,0,0,0,0
13956684,260526563,1,0,0,0,0,0
14166402,385161209,1,0,1,0,0,0
14199942,51394394,1,0,0,0,0,0
14199942,91327914,1,0,0,0,0,0
14264388,140522918,1,0,0,0,0,0
14281659,383551351,1,0,0,0,0,0
14282124,50763073,1,0,0,0,0,0
14311857,335459628,1,0,0,0,0,0
14333241,134107915,1,0,1,0,0,0
14541966,33964236,1,0,0,0,0,0
14634294,323002231,1,0,0,0,0,0
14648796,21493792,1,0,0,0,0,0
14667526,242030154,1,0,0,0,0,0
14701966,24186131,1,0,0,0,0,0
14851807,133042860,1,0,0,0,0,0
15020647,145704736,1,0,0,0,0,0
15033334,44937462,2,0,1,0,0,0
15197506,32676313,1,0,0,0,0,0
15280372,104887732,1,0,0,0,0,0
15280372,198753242,1,0,0,0,0,0
15280372,250800793,1,0,0,0,0,0
15280372,255586044,1,0,0,0,0,0
15305635,277482740,1,0,0,0,0,0
15310570,374604264,1,0,0,0,0,0
15330397,28470109,1,0,0,0,0,0
15330397,75198901,1,0,0,0,0,0
15330397,359643894,1,0,0,0,0,0
15389083,155979957,1,0,0,0,0,0
15389083,235404799,1,0,0,0,0,0
15425347,127901114,1,0,0,0,0,0
15426610,29693522,1,0,0,0,0,0
15451714,404010157,1,0,0,0,0,0
15486736,360435662,1,0,0,0,0,0
15508531,22580878,2,0,1,0,0,0
15575017,376798386,2,0,0,0,0,0
15632656,106751679,1,0,0,0,0,0
15811489,294039109,1,0,0,0,0,0
15895849,186972750,1,0,0,0,0,0
15965149,387558398,1,0,0,0,0,0
16084534,166670035,1,0,0,0,0,0
16096186,119254136,1,0,0,0,0,0
16195777,122046388,2,0,0,0,0,0
16195777,336518841,1,0,1,0,0,0
16266511,230540756,1,0,1,0,0,0
16334101,244204626,1,0,0,0,0,0
16447225,199167650,1,0,0,0,0,0
16506574,246326873,1,0,0,0,0,0
16515670,85480318,1,0,0,0,0,0
16515670,118259256,1,0,0,0,0,0
16515670,159630276,1,0,0,0,0,0
16599631,29177136,1,0,0,0,0,0
16701091,228871808,1,0,0,0,0,0
16722523,251935830,1,0,0,0,0,0
16829752,76658326,1,0,0,0,0,0
16974739,159900709,1,0,0,0,0,0
17051374,863652,1,0,0,0,0,0
17051374,328566348,2,0,0,0,0,0
17201854,332172719,1,0,0,0,0,0
17201854,396885476,1,0,0,0,0,0
17257966,326090192,1,1,1,0,0,0
17259847,240713226,1,0,0,0,0,0
17307610,155624102,1,0,0,0,0,0
17307610,178963594,1,0,0,0,0,0
17307610,210128201,1,1,0,0,0,0
17307610,361031689,1,0,0,0,0,0
17465740,3895767,1,0,0,0,0,0
17608093,206858027,1,0,0,0,0,0
17860351,98121525,1,0,0,0,0,0
17860351,221009264,1,0,0,0,0,0
17860351,322851022,1,0,0,0,0,0
17884738,290936436,1,0,0,0,0,0
18037570,22068554,1,0,0,0,0,0
18119035,229190255,1,0,0,0,0,0
18151753,186209192,1,0,0,0,0,0
18153064,319654632,1,0,0,0,0,0
18176035,73757518,1,0,0,0,0,0
18176035,318603680,1,0,0,0,0,0
18226858,143330635,1,0,0,0,0,0
18226858,156669118,1,0,0,0,0,0
18249259,115771131,1,0,0,0,0,0
18408892,121045554,1,0,0,1,0,0
18479197,308840340,1,0,0,0,0,0
18496468,76972594,1,0,0,0,0,0
18496468,155438283,1,0,0,0,0,0
18496468,191745752,1,0,0,0,0,0
18575662,45936862,1,0,0,0,0,0
18586810,79173626,1,1,0,0,0,0
18678616,180755053,4,0,0,1,0,0
18704653,13182014,1,0,0,0,0,0
18775984,194635862,1,0,0,0,0,0
18887065,403867251,1,0,0,0,0,0
18942139,65936388,1,0,0,0,0,0
19000990,311377654,3,0,0,0,0,0
19006633,250110066,1,0,0,0,0,0
19052884,173353411,1,0,0,0,0,0
19052884,362898947,1,0,0,0,0,0
19280462,27645895,1,0,0,0,0,0
19444076,367042434,1,0,0,0,0,0
19467218,66981526,1,0,0,0,0,0
19467218,137418132,1,0,0,1,0,0
19498877,139554268,1,0,0,0,0,0
19498877,159429499,1,0,0,0,0,0
19498877,196305637,1,0,0,0,0,0
19498877,351797879,2,0,0,0,0,0
19531844,22122883,1,0,0,0,0,0
19531844,178549399,1,0,0,0,0,0
19531844,229053860,1,0,0,0,0,0
19699835,342294547,1,0,0,0,0,0
19725815,248236776,1,0,0,0,0,0
19876559,275340088,1,0,0,0,0,0
19947521,278685655,1,0,0,0,0,0
20026092,348160685,1,0,0,0,0,0
20055585,128440830,1,0,0,0,0,0
20140845,82905868,1,0,0,0,0,0
20140845,208939679,3,0,0,0,0,0
20167692,60660374,1,0,0,0,0,0
20306397,101876232,4,0,0,0,0,0
20464299,148409019,1,0,0,0,0,0
20549991,42523551,1,0,0,0,0,0
20611653,15272050,1,0,0,0,0,0
20652798,38983117,1,0,0,0,0,0
20652798,318264172,1,0,0,0,0,0
20667936,14949487,1,0,0,0,0,0
20667936,134128842,1,0,0,0,0,0
20670591,261597458,1,0,1,0,0,0
20670591,362805945,1,0,0,0,0,0
20758953,162289519,1,0,0,0,0,0
20864391,285667045,1,0,0,0,0,0
20963754,274009181,1,0,0,0,0,0
20988891,249113350,1,0,0,0,0,0
20995080,298278408,1,0,0,0,0,0
21021180,17519239,1,0,0,0,0,0
21021180,115091130,1,0,0,0,0,0
21060159,94875669,1,0,0,0,0,0
21166770,209477598,1,0,0,0,0,0
21210468,188660258,1,0,0,0,0,0
21233838,105866989,1,0,0,0,0,0
21279609,219480169,1,0,0,0,0,0
21279609,266930523,1,0,0,0,0,0
21279609,395037645,1,0,0,0,0,0
21290838,212963917,2,0,0,0,0,0
21326166,276499777,1,0,0,0,0,0
21326166,337296632,1,0,0,0,0,0
21500790,98473904,1,0,0,0,0,0
21624663,390237561,1,0,0,0,0,0
21628254,291801184,1,0,0,0,0,0
21651876,94964276,1,0,0,0,0,0
21655296,248817892,1,1,0,0,0,0
21757005,308313271,1,0,0,0,0,0
21792279,145277669,1,0,0,0,0,0
21795480,70754505,1,0,0,0,0,0
21887286,380330301,1,0,0,0,0,0
21889794,396762447,1,0,0,0,0,0
21962832,165907075,1,0,0,0,0,0
21962832,180043611,1,0,0,0,0,0
21980778,7388074,1,0,0,0,0,0
22019541,180990194,1,0,0,0,0,0
22099113,128702084,1,0,0,0,0,0
22099113,159352655,1,0,0,0,0,0
22099113,289522902,1,0,0,0,0,0
22099113,291004922,1,0,0,0,0,0
22099113,366831645,1,0,0,0,0,0
22099113,396157390,2,0,0,0,0,0
22177044,110296654,1,0,0,0,0,0
22221198,168932292,1,0,0,0,0,0
22270536,219403214,1,0,0,0,0,0
22363890,279187580,1,0,0,0,0,0
22363890,387766597,1,0,0,0,0,0
22388571,94147083,1,0,0,0,0,0
22390818,131454369,1,0,0,0,0,0
22593771,161260636,1,0,0,0,0,0
22663242,102461793,1,0,0,0,0,0
22748289,301704517,1,0,1,0,0,0
22781244,135211290,1,0,0,0,0,0
22926481,284431829,1,0,0,0,0,0
22936993,165628421,1,0,0,0,0,0
22941073,398790971,1,0,0,0,0,0
23005111,63395430,1,0,0,0,0,0
23008465,383425294,1,0,0,0,0,0
23209081,45976718,1,0,1,0,0,0
23232247,139716983,1,0,0,0,0,0
23344525,209762592,1,0,0,0,0,0
23608480,327287944,1,0,0,0,0,0
23625580,195314071,1,0,0,0,0,0
23631019,50497346,1,0,0,0,0,0
23688622,104635957,2,0,0,0,0,0
23688622,282547342,1,0,0,0,0,0
23722207,353507100,1,0,0,0,0,0
23730268,273298992,1,0,0,0,0,0
23730268,358183718,1,0,0,0,0,0
23787016,78178175,1,0,0,0,0,0
23787016,167842924,1,1,0,0,0,0
23880565,267853599,1,0,0,0,0,0
24050440,39741437,1,0,0,0,0,0
24066823,397662400,1,0,0,0,0,0
24348097,93121568,1,0,0,0,0,0
24348097,365079473,1,0,0,0,0,0
24357934,243909091,2,0,1,0,0,0
24370417,319032905,2,0,0,0,0,0
24547972,295972202,1,0,0,0,0,0
24587872,232724685,1,0,0,0,0,0
24587872,241603620,1,0,0,0,0,0
24809533,173774707,1,0,0,0,0,0
24870148,392005480,1,0,0,0,0,0
25008160,163823455,1,0,0,0,0,0
25012345,236599495,1,0,0,0,0,0
25018273,278049154,1,0,0,0,0,0
25057879,217108678,1,0,0,0,0,0
25157536,78298305,1,0,0,0,0,0
25181224,314859580,1,0,0,0,0,0
25181224,363116932,1,0,0,0,0,0
25286173,177796263,1,0,0,0,0,0
25287589,147241532,1,0,0,0,0,0
25338079,30345011,1,0,1,1,0,0
25411972,46307959,1,0,0,0,0,0
25411972,51621605,1,0,0,0,0,0
25411972,222126554,1,0,0,0,0,0
25411972,350171551,1,0,0,0,0,0
25460341,211940085,1,0,0,0,0,0
25460341,299117418,2,0,0,0,0,0
25460341,337439280,2,0,0,0,0,0
25484785,290040967,1,0,1,0,0,0
25551130,196018962,1,0,0,0,0,0
25551301,240782961,1,0,0,0,0,0
25554883,57724787,1,0,0,0,0,0
25554883,144137676,1,0,0,0,0,0
25737649,150814368,1,0,0,0,0,0
25737649,212922841,1,0,0,0,0,0
25737649,245802199,1,0,0,0,0,0
25746916,150133926,1,0,0,0,0,0
25999483,173771858,1,0,0,0,0,0
26127121,348007979,1,0,0,0,0,0
26352376,37672618,1,0,1,0,0,0
26352376,234430486,1,0,0,0,0,0
26390395,117319804,1,0,0,0,0,0
26401156,148418113,1,0,0,0,0,0
26489335,364134537,1,0,0,0,0,0
26601478,43805116,4,0,0,1,0,0
26748949,327111523,1,0,0,0,0,0
26748949,330020359,1,0,0,0,0,0
26867017,2317088,1,0,0,0,0,0
26867017,63852315,1,0,0,0,0,0
27046939,300930741,1,0,0,0,0,0
27184045,29313473,1,0,0,0,0,0
27184045,111632659,1,0,0,0,0,0
27226408,214013886,1,0,0,0,0,0
27226408,362937171,1,0,0,0,0,0
27226408,369534039,1,0,0,0,0,0
27380981,389567214,1,0,0,0,0,0
27458261,243083118,1,0,0,0,0,0
27625670,370688781,1,0,0,0,0,0
27949808,18160787,1,0,0,0,0,0
27951998,327046197,1,0,0,0,0,0
27998462,190774778,1,0,0,0,0,0
28111133,335548496,1,0,0,0,0,0
28228076,94632243,1,0,0,0,0,0
28228076,178575617,1,0,0,0,0,0
28262846,140665437,1,0,0,0,0,0
28262846,319363150,2,0,0,0,0,0
28266836,335074931,1,0,0,0,0,0
28438301,19900149,1,0,0,0,0,0
28490219,292999517,1,0,0,0,0,0
28562483,50116868,1,0,0,0,0,0
28629755,38918672,1,0,0,0,0,0
28699442,273141162,1,0,0,0,0,0
28721261,200034542,1,0,1,0,0,0
28740641,272242438,1,0,0,0,0,0
28785719,402593083,1,0,0,0,0,0
28865588,122501313,1,0,0,0,0,0
28897028,388477074,1,0,0,0,0,0
29003567,2891049,1,0,0,0,0,0
29026937,327046197,1,0,0,0,0,0
29071145,161691488,1,0,0,0,0,0
29073482,261648778,1,0,0,0,0,0
29194001,188734039,1,0,0,0,0,0
29338568,402496299,1,0,0,0,0,0
29375912,332616609,1,0,0,0,0,0
29474705,116211980,1,0,0,0,0,0
29518607,156737985,1,0,0,0,0,0
29518607,347521469,1,0,0,0,0,0
29633312,127487126,1,0,0,0,0,0
29699594,177212089,1,0,0,0,0,0
29721926,326090192,1,0,1,0,0,0
29943290,133907326,1,0,0,0,0,0
30161466,671016,3,0,1,0,0,0
30174951,139377301,1,0,0,0,0,0
30195414,224013293,1,0,0,0,0,0
30235554,387453986,1,0,1,0,0,0
30280560,75809484,1,0,0,0,0,0
30651426,98572065,1,0,0,0,0,0
30651426,396736768,1,0,0,0,0,0
30660351,162073706,2,0,3,0,0,0
30689820,172390581,1,0,0,0,0,0
30718584,256259401,1,0,0,0,0,0
30718584,373067966,1,0,0,0,0,0
30830259,133053770,1,0,0,0,0,0
30974410,194965245,1,0,0,0,0,0
30994693,145413919,1,0,0,0,0,0
30994693,383932677,1,0,0,0,0,0
30995101,74061024,1,0,0,0,0,0
31140676,277266944,1,0,0,0,0,0
31151824,102326151,1,0,0,0,0,0
31153192,9901475,1,0,0,0,0,0
31246831,110907156,1,0,0,0,0,0
31256146,7564842,2,0,0,0,0,0
31374775,246625316,1,0,0,0,0,0
31432081,270267749,1,0,0,0,0,0
31605133,193835057,1,0,0,0,0,0
31828255,173895974,1,0,0,0,0,0
31855297,213491581,1,0,0,0,0,0
31895368,55066354,1,0,0,0,0,0
32079118,321672663,1,0,1,0,0,0
32152042,104562108,1,0,1,1,0,0
32157049,333234908,1,0,0,0,0,0
32327203,41715456,1,0,0,0,0,0
32335264,156582930,1,0,0,0,0,0
32337145,377867317,1,0,0,0,0,0
32340313,2394376,1,0,0,0,0,0
32417185,111262934,1,0,0,0,0,0
32535586,125666923,1,0,1,0,0,0
32554567,321886986,1,0,0,0,0,0
32597440,58727293,1,0,0,0,0,0
32676559,50440750,2,0,0,0,0,0
32763529,125666923,1,0,0,0,0,0
32767747,90930849,1,0,0,0,0,0
32804191,5174526,1,0,0,0,0,0
33006457,27288668,1,0,0,0,0,0
33116227,99147078,1,0,0,0,0,0
33158008,241471585,1,0,0,0,0,0
33222007,6304897,1,0,0,0,0,0
33222691,243136081,1,0,0,0,0,0
33253837,110500209,1,0,0,0,0,0
33253837,385161209,1,0,0,0,0,0
33405685,143808782,1,0,0,0,0,0
33457978,321538857,1,0,0,0,0,0
33515056,350241281,1,0,0,0,0,0
33644605,327924799,1,0,0,0,0,0
33669742,11077834,1,0,0,0,0,0
33733513,69284509,1,0,0,0,0,0
33759268,306524046,1,0,0,0,0,0
33781417,111565688,1,0,0,0,0,0
33857842,202312696,4,0,1,1,0,0
34126111,290350915,1,0,0,0,0,0
34132063,203651567,1,0,0,0,0,0
34153552,269455571,1,0,0,0,0,0
34172533,303322113,1,0,0,0,0,0
34194469,257251379,1,0,0,0,0,0
34224439,297442676,1,0,0,0,0,0
34273207,318112755,1,0,0,0,0,0
34421464,178528599,1,0,0,0,0,0
34421464,186898873,1,0,0,0,0,0
34421464,277653343,1,0,0,0,0,0
34452439,38695479,1,0,0,0,0,0
34583185,251483467,1,0,0,0,0,0
34615036,111242616,1,0,0,0,0,0
34617316,211775133,1,0,1,1,0,0
34636924,403498220,1,0,0,0,0,0
34710466,304994475,1,0,0,0,0,0
34710466,332331021,1,0,0,0,0,0
34710466,380474876,1,0,0,0,0,0
34757101,213180925,2,1,0,0,0,0
34757101,249016618,1,0,0,0,0,0
34757101,272763060,1,0,0,0,0,0
34757101,342653227,5,1,0,0,0,0
34757101,395418964,1,0,0,0,0,0
34810921,48316098,1,1,0,0,0,0
34912897,28997596,1,0,0,0,0,0
35064967,164387347,1,0,0,0,0,0
35080081,111615929,1,1,0,0,0,0
35080081,211472254,1,0,0,0,0,0
35080081,272446513,1,0,0,0,0,0
35176048,81423041,1,0,0,0,0,0
35326984,207985428,1,0,0,0,0,0
35385466,264227149,1,0,0,0,0,0
35419403,379680663,1,0,1,0,0,0
35427407,382702545,1,0,0,0,0,0
35429345,64956455,1,0,0,0,0,0
35516315,92732143,2,0,0,0,0,0
35547176,188995213,1,0,0,0,0,0
35555579,131454369,1,0,0,0,0,0
35555579,348077883,1,0,0,0,0,0
35624432,400389256,1,0,0,0,0,0
35651075,26216981,3,0,1,1,0,0
35702135,46520719,1,0,0,0,0,0
35702135,246145553,1,0,0,0,0,0
35702135,380744634,1,0,0,0,0,0
35725961,314155519,1,0,0,0,0,0
35731286,47737200,1,0,0,0,0,0
35731457,137150796,1,0,0,0,0,0
35913491,268625724,1,0,0,0,0,0
35913491,302337794,1,0,0,0,0,0
35918897,376698784,1,0,0,0,0,0
35927708,331079008,1,0,0,0,0,0
35937878,315473320,1,0,0,0,0,0
36067043,208814306,1,0,0,0,0,0
36074030,382813927,1,0,0,0,0,0
36090836,384331280,1,0,0,0,0,0
36101825,244193692,1,0,0,0,0,0
36103706,39729684,1,0,0,0,0,0
36193619,135752993,1,0,0,0,0,0
36198131,19377699,1,0,0,0,0,0
36213932,282767844,1,0,0,0,0,0
36297950,149985341,1,0,0,0,0,0
36307676,74018247,1,0,0,1,0,0
36307676,364108847,1,0,0,0,0,0
36529724,123305018,1,0,0,0,0,0
36545789,105384139,1,0,0,0,0,0
36603095,36298615,1,0,0,0,0,0
36871109,44818999,1,0,0,0,0,0
36871109,227943815,6,0,1,1,0,0
36964463,242645855,1,0,0,0,0,0
36964463,377381642,1,0,1,0,0,0
37010789,190621899,1,0,0,0,0,0
37039688,191869532,1,0,0,0,0,0
37043321,94062845,2,0,0,0,0,0
37069076,111525391,1,0,0,0,0,0
37069076,340451956,1,0,0,0,0,0
37189586,8762252,1,0,0,0,0,0
37190075,40420305,1,0,0,0,0,0
37215167,15750135,1,0,0,0,0,0
37238195,71360641,1,0,0,0,0,0
37312649,281613242,1,0,0,0,0,0
37312649,341690127,1,0,0,0,0,0
37342892,354479864,1,0,0,0,0,0
37517027,223395081,1,0,0,0,0,0
37783616,239988247,1,0,0,0,0,0
37961432,19397281,1,0,0,0,0,0
38026943,73969706,1,0,0,0,0,0
38290283,127357615,1,1,0,0,0,0
38347841,47586386,1,0,0,0,0,0
38383580,29154619,1,0,0,0,0,0
38383580,265396401,1,0,0,0,0,0
38417312,313702561,1,0,0,0,0,0
38441000,85294553,1,0,0,0,0,0
38477894,323173092,1,0,0,0,0,0
38511479,331303949,2,1,1,0,0,0
38535314,186581816,4,0,0,1,0,0
38556062,185464799,1,0,0,0,0,0
38622113,118374272,2,0,0,0,0,0
38660360,154113053,1,0,0,0,0,0
38660360,351617559,1,0,0,0,0,0
38748722,273030556,1,0,0,0,0,0
38900936,81359072,1,0,0,0,0,0
38940893,203095924,1,0,0,0,0,0
38974214,2288272,1,0,0,0,0,0
38974214,354774189,1,0,0,0,0,0
38982047,394172643,1,0,0,0,0,0
39063641,360659943,1,0,0,0,0,0
39066596,70635740,1,0,0,0,0,0
39066596,280957191,2,0,0,0,0,0
39092792,322313080,1,0,0,0,0,0
39092792,381700029,1,0,0,0,0,0
39136295,382190496,2,1,0,0,0,0
39162092,403004154,1,0,0,0,0,0
39360248,128998536,1,0,0,0,0,0
39504263,355923105,2,0,0,0,0,0
39619268,54240512,1,0,0,0,0,0
39619268,60576271,1,0,0,0,0,0
39628706,149517272,1,0,0,0,0,0
39707900,272037342,1,0,0,0,0,0
39767057,346091674,1,0,0,0,0,0
39801668,321553210,1,0,0,0,0,0
39831683,336399913,1,0,0,0,0,0
39947951,259235679,1,0,0,0,0,0
39957893,196870471,1,0,0,0,0,0
39969887,64710550,1,1,0,0,0,0
39969887,72903610,1,0,0,0,0,0
39969887,135216564,1,0,0,0,0,0
39969887,195282253,1,0,0,0,0,0
40049641,345643427,1,0,0,0,0,0
40071220,397238323,1,0,0,0,0,0
40100725,183313945,1,0,0,0,0,0
40165705,131227962,1,0,0,0,0,0
40275532,53345822,1,0,0,0,0,0
40275532,129841801,1,0,0,0,0,0
40406632,2177108,1,1,0,0,0,0
40406632,210542023,3,2,0,0,0,0
40462996,55608687,1,0,0,0,0,0
40496944,363992295,1,0,0,0,0,0
40513258,216081151,1,1,0,0,0,0
40745647,299740090,2,0,1,0,0,0
40792705,269898551,1,0,0,0,0,0
40824670,131311994,1,1,0,0,0,0
40824670,380251036,1,0,0,0,0,0
40980235,117322608,1,0,0,0,0,0
41057968,177822362,1,0,0,0,0,0
41057968,186164263,1,0,0,0,0,0
41096623,242663213,1,0,0,0,0,0
41097469,327976937,1,0,0,0,0,0
41153635,395808434,1,0,0,0,0,0
41283289,141436918,1,0,0,0,0,0
41291140,25716707,1,0,0,0,0,0
41460031,32966526,1,0,0,0,0,0
41460031,40511134,1,0,0,0,0,0
41475379,340295605,1,0,0,0,0,0
41477659,112452494,1,0,0,0,0,0
41558392,6249692,1,0,0,0,0,0
41558392,121599381,1,0,0,0,0,0
41558392,261742599,1,0,0,0,0,0
41693266,217769076,1,0,0,0,0,0
41803675,119624128,5,1,0,1,0,0
41803675,152702727,1,0,0,0,0,0
41842501,251998614,1,0,0,0,0,0
41995753,36545946,1,0,0,0,0,0
42082216,123709387,1,0,0,0,0,0
42107707,150127212,1,0,0,0,0,0
42158071,378505512,1,1,0,0,0,0
42354574,177342151,1,0,0,0,0,0
42369712,100570822,1,0,0,1,0,0
42455248,129327554,1,0,0,0,0,0
42500608,66017910,1,0,0,0,0,0
42544384,61425285,1,0,0,0,0,0
42623350,114537946,1,0,0,1,0,0
42711793,169540009,1,0,1,0,0,0
42757165,186781490,1,0,0,0,0,0
42964018,353183055,1,0,0,0,0,0
43043731,26805639,1,0,0,0,0,0
43043731,233247756,1,0,0,0,0,0
43158565,245409327,1,0,0,0,0,0
43289425,81824119,1,0,0,0,0,0
43357072,181749918,1,0,0,0,0,0
43375987,126400729,1,0,0,0,0,0
43375987,342249197,1,0,1,0,0,0
43386565,71848045,1,0,0,0,0,0
43386565,162819497,2,0,0,0,0,0
43386565,322160828,1,0,0,0,0,0
43565546,57053173,1,0,0,0,0,0
43565546,58499035,1,0,0,0,0,0
43578461,145879109,1,0,0,0,0,0
43582817,239127061,1,0,0,0,0,0
43607396,33955516,1,0,0,0,0,0
43683377,312410967,1,0,0,0,0,0
43758101,338184813,1,0,0,0,0,0
43858937,298779461,1,0,0,0,0,0
43928807,67246225,1,0,0,0,0,0
43994504,258906130,1,0,0,0,0,0
44001851,7983304,1,0,0,0,0,0
44001851,137096203,1,0,0,0,0,0
44085641,251108057,1,0,0,0,0,0
44085641,377974581,1,0,0,0,0,0
44194718,357730532,1,0,0,0,0,0
44322920,31560234,1,0,0,1,0,0
44322920,389869249,1,0,0,0,0,0
44556221,309476534,4,0,1,1,0,0
44627393,232875026,1,0,0,0,0,0
44849042,16802985,1,0,1,0,0,0
44869895,170914661,1,0,0,0,0,0
44902634,37677904,1,0,0,0,0,0
44979095,273687002,1,0,0,0,0,0
44994029,357089707,1,0,0,0,0,0
45094832,211605825,1,0,0,0,0,0
45167258,248207722,1,0,0,0,0,0
45242063,285074397,1,0,0,0,0,0
45472970,370727675,1,0,0,0,0,0
45500090,361652858,1,0,0,0,0,0
45506132,46581999,1,0,0,0,0,0
45537392,310583040,1,0,0,0,0,0
45537392,314821573,1,0,0,0,0,0
45543458,61370707,1,0,0,0,0,0
45649442,339850627,1,0,0,0,0,0
45895559,376231994,1,0,0,0,0,0
45986348,189975249,1,0,0,0,0,0
46114271,143461159,1,0,0,0,0,0
46156223,13641274,1,0,0,0,0,0
46208357,229818435,1,0,0,0,0,0
46229447,49002319,1,0,0,0,0,0
46476827,358997369,1,0,0,0,0,0
46534133,10782405,2,0,0,0,0,0
46536413,54028726,1,0,0,0,0,0
46536413,249581016,1,0,0,0,0,0
46548065,328488636,1,0,0,0,0,0
46554986,42803388,1,0,0,0,0,0
46554986,68475577,1,0,0,0,0,0
46628618,74757817,1,0,0,0,0,0
46628618,99595384,1,0,0,0,0,0
46628618,177926313,1,0,0,0,0,0
46763549,321305228,1,0,0,0,0,0
46960745,863419,1,0,0,0,0,0
47045360,369859874,2,1,0,0,0,0
47076392,149511752,1,0,0,0,0,0
47076392,184943188,1,0,0,0,0,0
47076392,327604066,1,0,0,0,0,0
47084909,68086546,1,0,0,0,0,0
47171936,350655954,1,0,0,0,0,0
47184224,89321807,1,0,0,0,0,0
47341121,197757650,1,0,0,0,0,0
47498990,246115786,1,0,0,0,0,0
47517185,266796024,1,0,0,0,0,0
47528105,55010954,1,0,0,0,0,0
47528105,206795909,1,0,0,0,0,0
47559137,311498483,1,0,0,0,0,0
47671268,227349315,1,0,0,0,0,0
47671268,368004952,1,0,0,0,0,0
47688515,234217884,1,0,0,0,0,0
47750291,170831857,1,0,0,0,0,0
47789075,64359854,1,0,0,0,0,0
47893772,323083402,1,0,0,0,0,0
47998436,189587430,1,0,0,0,0,0
48060024,89873273,1,0,0,0,0,0
48195330,34240028,1,0,0,0,0,0
48357804,292195458,1,0,0,0,0,0
48367917,339947143,1,0,0,0,0,0
48518121,203739002,1,0,0,0,0,0
48536865,251684788,1,0,0,0,0,0
48594900,277740485,1,0,0,0,0,0
48694995,129265508,1,0,0,0,0,0
48710235,43367044,1,0,0,0,0,0
48944904,265395081,1,0,0,0,0,0
48991221,187021035,1,0,0,0,0,0
49060518,189573774,1,0,0,0,0,0
49075542,357055527,1,0,0,0,0,0
49099929,4795277,1,0,0,0,0,0
49099929,55979524,1,0,0,0,0,0
49099929,115630728,1,0,0,0,0,0
49162512,355241591,1,0,0,0,0,0
49352322,232788022,1,0,0,0,0,0
49521270,394333847,1,0,1,0,0,0
49582032,158585993,1,0,0,0,0,0
49582032,404561620,1,0,0,0,0,0
49650021,363299592,1,0,0,0,0,0
49650021,374049995,1,0,0,0,0,0
49715640,22188685,1,0,0,0,0,0
49771719,374372301,1,1,0,0,0,0
49991544,328819366,1,0,1,0,0,0
50142094,156478138,1,0,0,0,0,0
50142094,209501425,4,0,0,0,0,0
50202820,254858694,1,0,0,0,0,0
50202820,395604070,1,0,0,0,0,0
50229040,353381230,1,0,0,0,0,0
50351854,237908618,1,0,0,0,0,0
50498755,261871508,1,0,1,0,0,0
50515867,80916963,1,0,0,0,0,0
50537422,393775857,1,0,0,0,0,0
50805790,172199729,1,0,0,0,0,0
50825788,88459780,1,0,0,0,0,0
50845804,1985358,1,0,0,0,0,0
50845804,95812644,1,0,0,0,0,0
50845804,137993493,1,0,0,0,0,0
50936650,101940005,1,0,0,0,0,0
50936650,163372695,1,0,0,0,0,0
50988715,101515444,3,0,1,0,0,0
51019879,393040164,2,0,0,0,0,0
51031345,328772667,1,0,0,0,0,0
51128290,343890988,1,0,0,0,0,0
51166252,369707886,1,0,0,0,0,0
51183124,18848107,1,0,0,0,0,0
51183124,52549954,1,0,0,0,0,0
51210178,269697633,1,0,0,0,0,0
51282943,63587621,1,0,0,0,0,0
51305527,204463374,1,0,1,0,0,0
51305527,325857443,1,0,0,0,0,0
51309346,242845172,1,0,0,0,0,0
51341266,195102202,1,0,0,0,0,0
51389545,177237914,1,0,0,0,0,0
51560398,98038685,1,0,0,0,0,0
51647720,259495039,1,0,0,0,0,0
51647720,404204540,1,0,0,0,0,0
51667775,129232828,1,0,0,0,0,0
51676472,114299129,1,0,0,0,0,0
51742523,139162709,1,0,1,0,0,0
51742523,196322376,1,0,0,0,0,0
51754745,24376695,1,0,0,0,0,0
51772310,89067178,1,0,0,0,0,0
51845990,171061546,1,0,0,0,0,0
51845990,353066530,1,0,0,0,0,0
51938090,375646881,1,0,0,0,0,0
52007387,148707113,1,0,0,0,0,0
52147115,276302095,1,0,0,0,0,0
52147115,288231951,1,0,0,0,0,0
52210649,137490896,1,0,0,0,0,0
52310933,219469694,1,0,0,0,0,0
52318172,61513430,1,0,0,0,0,0
52394552,56701499,1,0,0,0,0,0
52403660,357700357,1,0,0,0,0,0
52403660,387424189,1,0,0,0,0,0
52432982,205835733,1,0,0,0,0,0
52549469,314903844,1,0,0,0,0,0
52627799,212508126,1,0,0,0,0,0
52672178,147293363,1,0,0,0,0,0
52755134,398103780,1,0,0,0,0,0
52782746,204255335,1,0,0,0,0,0
52949504,92223399,1,0,0,0,0,0
52962272,273206776,1,0,0,0,0,0
53034371,4960784,1,0,0,0,0,0
53034371,8658069,1,0,0,0,0,0
53034371,13110569,1,0,0,0,0,0
53103719,275224821,1,0,0,0,0,0
53142602,133788626,1,0,0,0,0,0
53281580,355018932,1,0,0,0,0,0
53283860,85140906,1,0,0,0,0,0
53403128,69733682,1,0,0,0,0,0
53403128,203420892,1,0,1,0,0,0
53407517,375117264,1,0,0,0,0,0
53455877,30887373,1,0,0,0,0,0
53455877,394076665,1,1,0,0,0,0
53457986,146721859,1,0,0,0,0,0
53667812,18536017,1,0,0,0,0,0
53667812,56406249,2,1,0,0,0,0
53667812,372264328,1,0,0,0,0,0
53667812,378505512,1,0,0,0,0,0
53725898,262279064,1,0,0,0,0,0
53844137,38435334,1,0,0,0,0,0
53844137,244935161,2,0,0,0,0,0
53844137,320525658,1,0,0,0,0,0
54007823,110782183,1,0,0,0,0,0
54007823,242255021,1,0,0,0,0,0
54057266,139377072,1,0,0,0,0,0
54208610,222333568,1,0,0,0,0,0
54218723,244888116,1,0,0,0,0,0
54236099,91044632,1,0,0,0,0,0
54257987,323172550,1,0,0,0,0,0
54267320,148418113,1,0,0,0,0,0
54384458,355940747,1,0,0,0,0,0
54551639,397473955,1,0,0,0,0,0
54581027,292785065,1,0,0,0,0,0
54785396,248349877,1,0,0,0,0,0
54827588,302912032,1,0,0,0,0,0
54940184,359042506,1,0,0,0,0,0
55100099,161018536,1,0,0,0,0,0
55138265,190040943,1,0,0,0,0,0
55147304,229892009,1,0,0,0,0,0
55263482,211956128,1,0,0,0,0,0
55474154,248488644,1,0,0,0,0,0
55474154,390024468,1,0,0,0,0,0
55546760,17677955,1,0,0,0,0,0
55628453,186594575,1,0,0,0,0,0
55780028,160744068,1,0,0,0,0,0
55801187,231382756,1,0,0,0,0,0
55842521,306118432,1,0,0,0,0,0
55991726,342236055,1,0,0,0,0,0
56076911,115732076,1,0,0,0,0,0
56076911,251058466,1,0,0,0,0,0
56079296,394854960,1,1,0,0,0,0
56084573,249553804,1,0,0,0,0,0
56084573,279189699,1,0,0,0,0,0
56162253,235958755,1,0,0,0,0,0
56164305,76102216,1,0,0,0,0,0
56246853,110296654,2,0,0,0,0,0
56323140,114443974,1,0,0,0,0,0
56561025,65723686,1,0,0,0,0,0
56596275,86393714,2,0,0,0,0,0
56708793,371220787,1,0,0,0,0,0
56743230,22109607,1,0,0,0,0,0
56743230,56113711,1,0,0,0,0,0
56743230,188612175,1,0,0,0,0,0
56885448,57671790,1,0,0,0,0,0
56909352,8620151,1,0,0,0,0,0
56962533,37758809,1,0,0,0,0,0
57055380,64979385,1,0,0,0,0,0
57133254,372484918,1,0,0,0,0,0
57168048,90455777,1,0,0,0,0,0
57304824,223044054,1,0,0,0,0,0
57357240,235190847,1,0,0,0,0,0
57371139,220544981,1,0,0,0,0,0
57371139,304673298,1,0,0,0,0,0
57373248,148063089,1,0,0,0,0,0
57380064,310408966,1,0,0,0,0,0
57586827,7258221,1,0,0,0,0,0
57586827,211268329,1,0,0,0,0,0
57586827,258429615,1,0,0,0,0,0
57586827,264071417,1,0,0,0,0,0
57586827,318943842,1,0,0,0,0,0
57745434,71484747,1,0,0,0,0,0
57800508,395247277,1,0,0,0,0,0
57941367,269976923,1,0,0,0,0,0
57964566,295576980,2,0,1,1,0,0
57977424,1099234,1,0,0,0,0,0
58144554,297665378,1,0,0,0,0,0
58308738,356683174,1,0,0,0,0,0
58336815,363480827,1,0,0,0,0,0
58361748,4219634,1,0,0,0,0,0
58382268,28906114,1,1,0,0,0,0
58490157,241240833,1,0,0,1,0,0
58581174,165283189,1,0,0,0,0,0
58632405,50290912,1,0,0,0,0,0
58869687,62556333,1,0,0,0,0,0
58887024,385710752,1,0,0,0,0,0
58891608,199549033,1,0,0,0,0,0
58932441,94268339,1,0,0,0,0,0
58981989,245145987,1,0,0,0,0,0
58991721,284959717,1,0,0,0,0,0
58991721,323327195,1,0,1,0,0,0
58991721,350633986,1,0,0,0,0,0
59100189,12481742,1,0,0,0,0,0
59132256,216661812,1,0,0,0,0,0
59163858,381422022,1,0,0,0,0,0
59165397,30199420,1,0,0,0,0,0
59256585,53136314,3,0,1,0,0,0
59356413,84241899,1,0,0,0,0,0
59356413,310557101,1,0,0,0,0,0
59389326,234238609,1,0,0,0,0,0
59389326,321044541,1,0,0,0,0,0
59486808,27432504,1,0,0,0,0,0
59486808,357970591,1,0,0,0,0,0
59509848,270234616,1,0,0,0,0,0
59651595,119021649,1,0,0,0,0,0
59651595,297617891,1,0,0,0,0,0
59683491,228502799,1,0,0,0,0,0
59739387,174458841,1,0,0,0,0,0
59786445,203814579,1,0,0,0,0,0
59823003,213555491,1,0,0,0,0,0
59836299,335864182,1,0,0,0,0,0
59905380,110071899,1,0,0,0,0,0
60001313,139415871,3,0,0,0,0,0
60023876,238115965,1,0,0,0,0,0
60023876,263775736,1,0,0,0,0,0
60070763,93909982,1,0,0,0,0,0
60190874,333046094,1,0,0,0,0,0
60203516,87021370,2,0,0,0,0,0
60207107,240866937,1,0,0,0,0,0
60207107,385639722,1,0,0,0,0,0
60323228,286083866,1,0,0,0,0,0
60331859,110443378,1,0,0,0,0,0
60376613,272458660,1,0,0,0,0,0
60409196,81654226,1,0,0,0,0,0
60409196,189778092,2,1,0,0,0,0
60882638,112351913,1,0,0,0,0,0
60891335,67483675,1,0,0,0,0,0
60891335,86796385,1,0,0,0,0,0
60891335,93468535,1,0,0,0,0,0
60891335,223566118,1,0,0,0,0,0
60891335,257541781,1,0,0,0,0,0
60891335,295617574,1,0,0,0,0,0
60891335,360004343,1,0,0,0,0,0
60891335,370694431,1,0,0,0,0,0
60958037,350205715,1,0,0,0,0,0
61095197,33348831,2,0,0,0,0,0
61095197,274295228,1,0,0,0,0,0
61111064,369053567,1,0,0,0,0,0
61143701,22491324,1,0,1,0,0,0
61155752,370823576,1,0,0,0,0,0
61236200,97562766,1,0,0,0,0,0
61260896,335779593,1,0,0,0,0,0
61452758,11454204,2,0,1,0,0,0
61622171,114472412,1,0,0,0,0,0
61622171,364807121,1,1,0,0,0,0
61704491,114762114,1,0,0,0,0,0
61712837,103550743,1,0,0,0,0,0
61814261,220265208,1,0,0,0,0,0
61933679,383130544,1,0,0,0,0,0
61967684,160384222,1,0,0,0,0,0
61967684,217400179,1,0,0,0,0,0
61988945,192329209,1,0,0,0,0,0
62053130,286370790,1,0,0,0,0,0
62162891,5238701,1,0,0,0,0,0
62164715,147336663,1,0,0,0,0,0
62232704,137053133,1,0,0,0,0,0
62263736,70405203,1,0,0,0,0,0
62305529,303166412,1,0,0,0,0,0
62453147,359824612,1,0,0,0,0,0
62453147,399005429,1,0,0,0,0,0
62469188,76404657,1,0,0,0,0,0
62474636,233638472,1,0,0,0,0,0
62537348,2536093,1,0,0,0,0,0
62747231,151742108,1,0,1,0,0,0
62846252,297160191,1,0,0,0,0,0
62879735,53181406,2,1,0,0,0,0
62879735,364955094,1,0,0,0,0,0
62901383,381535301,1,0,0,0,0,0
62909306,222514477,1,0,0,0,0,0
62918630,185372572,1,0,0,0,0,0
62957039,583990,5,0,0,1,0,0
62957039,31075452,1,0,0,0,0,0
62957039,75590335,1,0,0,0,0,0
62957267,337154145,1,0,0,0,0,0
62964881,154975578,1,0,0,0,0,0
63024701,404518425,1,0,0,0,0,0
63103079,193278249,1,0,0,0,0,0
63133265,234430486,1,0,0,0,0,0
63163622,28481787,2,0,0,0,0,0
63201824,222514477,1,0,0,0,0,0
63222743,12227282,1,0,0,0,0,0
63591944,10340531,1,0,0,0,0,0
63623282,121403599,1,0,0,0,0,0
63660779,3035546,1,0,0,0,0,0
63694385,360171805,1,0,0,0,0,0
63918953,311918952,1,0,0,0,0,0
64059818,116852855,1,0,0,0,0,0
64151780,2290255,1,0,0,0,0,0
64151780,119326316,1,0,0,0,0,0
64151780,371783381,1,0,0,0,0,0
64176632,76376936,1,0,0,0,0,0
64279050,350899366,1,0,0,0,0,0
64315314,320241672,1,0,0,0,0,0
64420686,45537585,1,0,0,0,0,0
64420686,224045564,1,0,0,0,0,0
64500498,273885109,1,0,0,0,0,0
64509513,176029723,1,0,0,0,0,0
64614087,162033585,1,0,0,0,0,0
64691331,121864044,1,0,0,0,0,0
64691331,259952215,1,0,0,0,0,0
64749963,55767877,4,0,0,1,0,0
64857054,43078563,1,0,0,0,0,0
64876491,66048670,1,0,1,0,0,0
64980390,145990436,1,0,0,0,0,0
64980390,400540061,1,0,0,0,0,0
65032188,112689693,1,0,0,0,0,0
65032188,321174090,1,0,0,0,0,0
65095287,17079393,1,0,0,0,0,0
65127993,174948024,1,0,0,0,0,0
65181012,232737748,1,0,0,0,0,0
65268738,18733924,1,0,0,0,0,0
65268738,56337537,1,0,0,0,0,0
65292483,89115360,1,0,0,0,0,0
65309115,372594908,1,0,0,0,0,0
100212013,3701704,1,0,0,0,0,0
100226515,45412346,1,0,0,0,0,0
100234519,393503749,1,0,0,0,0,0
100422676,28272925,1,0,0,0,0,0
100422676,335344126,1,0,0,0,0,0
100422676,349412079,1,0,0,0,0,0
100521298,53771264,1,0,0,0,0,0
100521298,391431586,1,0,0,0,0,0
100548829,26452153,1,0,0,0,0,0
100574056,292687001,1,1,0,0,0,0
100692286,326389027,1,0,0,0,0,0
100764607,64305218,1,0,0,0,0,0
100775470,205171368,1,0,0,0,0,0
100852879,308518769,1,0,0,0,0,0
100998991,349051058,1,0,0,0,0,0
101105140,80224297,1,0,0,0,0,0
101142466,253321332,1,0,0,0,0,0
101157490,54629528,1,0,0,0,0,0
101263612,307792517,1,0,0,0,0,0
101322904,162393573,1,0,0,0,0,0
101385490,128215768,1,0,0,0,0,0
101452387,243583842,1,0,0,0,0,0
101473477,46156304,1,0,0,0,0,0
101680957,237482048,1,0,0,0,0,0
101709469,1330578,1,0,0,0,0,0
101785678,146356401,1,0,0,0,0,0
102033883,135130889,1,0,0,0,0,0
102033883,244540192,1,0,0,0,0,0
102039754,92656637,1,0,0,0,0,0
102039754,398752983,1,0,0,0,0,0
102115747,91412553,1,0,0,0,0,0
102115747,327153324,1,0,0,0,0,0
102272404,216007782,1,0,0,0,0,0
102275929,150463921,1,0,0,0,0,0
102327511,208679379,1,0,0,0,0,0
102333463,279356041,3,0,0,0,0,0
102443404,261451593,1,0,0,0,0,0
102500815,245106493,1,0,0,0,0,0
102516628,59188239,1,0,0,0,0,0
102516628,70306340,1,0,0,0,0,0
102516628,256752781,2,1,0,0,0,0
102539086,45823387,1,0,0,0,0,0
102539086,222704003,1,0,0,0,0,0
102590956,79856779,1,0,0,0,0,0
102654361,315310005,1,0,0,0,0,0
102681517,269884190,1,0,0,0,0,0
102874300,84011600,1,0,0,0,0,0
102889078,78493279,1,0,1,0,0,0
102889078,343101502,1,0,0,0,0,0
102963988,215107910,1,0,0,0,0,0
102968272,159513828,1,0,1,0,0,0
102968272,271150414,0,0,1,0,0,0
102968272,351902637,1,0,0,0,0,0
102976447,69519295,1,0,0,0,0,0
103021984,2432119,1,0,0,1,0,0
103021984,283825787,1,0,0,0,0,0
103052788,26076019,1,0,0,0,0,0
103052788,36475879,1,0,0,0,0,0
103052788,140018266,1,0,0,0,0,0
103052788,151557532,1,0,0,0,0,0
103052788,283487402,1,0,0,0,0,0
103052788,358960727,1,0,0,0,0,0
103161370,26452000,1,0,0,0,0,0
103226533,148322602,1,0,0,0,0,0
103246987,115360521,1,0,0,0,0,0
103246987,184972513,1,0,0,0,0,0
103246987,354288499,1,0,0,0,0,0
103246987,361366286,1,0,0,0,0,0
103246987,363678210,2,0,0,0,0,0
103327093,125603507,1,0,0,0,0,0
103405993,377299234,1,0,0,0,0,0
103458124,340301313,1,0,0,0,0,0
103459768,62192510,1,0,0,0,0,0
103480330,147818291,1,0,0,0,0,0
103480330,323974478,1,0,0,0,0,0
103628659,214926853,1,0,0,0,0,0
103628659,349677635,1,0,0,0,0,0
103736719,241872799,1,0,0,0,0,0
103736719,303937561,1,0,0,0,0,0
103736719,391737061,1,0,0,0,0,0
103939672,66833716,1,0,0,0,0,0
103950217,228871808,1,0,0,0,0,0
103983985,120759769,1,0,0,0,0,0
104002699,90964345,1,0,0,0,0,0
104042599,245529906,1,0,0,0,0,0
104064154,132797232,1,0,0,0,0,0
104102926,262825774,1,0,0,0,0,0
104165455,399971970,1,0,1,0,0,0
104210074,201009560,1,0,0,0,0,0
104328850,117798961,1,0,0,0,0,0
104328850,254446063,1,0,0,0,0,0
104417701,64585380,1,0,0,0,0,0
104465491,63450389,1,0,0,0,0,0
104465491,351936634,1,0,0,0,0,0
104479195,16197250,1,0,0,0,0,0
104541883,243581252,1,0,0,0,0,0
104675299,315288663,1,0,0,0,0,0
104708242,303654607,1,0,0,0,0,0
104742271,214569617,1,0,0,0,0,0
104802979,119651594,1,0,0,0,0,0
104802979,377524429,1,0,0,0,0,0
104803615,176522532,1,0,0,0,0,0
104851747,282546171,1,0,0,0,0,0
104982265,49782817,1,0,0,0,0,0
104982265,100711267,1,0,0,0,0,0
105111923,121675163,1,0,0,0,0,0
105132614,330807277,1,0,0,0,0,0
105140276,371285953,3,0,0,1,0,0
105227450,203715259,1,0,0,0,0,0
105227450,254657598,1,0,0,0,0,0
105227450,290464977,1,0,0,0,0,0
105227450,295105059,1,0,0,0,0,0
105227450,340425353,1,0,0,0,0,0
105227450,385351590,1,0,0,0,0,0
105315608,33861072,1,0,0,0,0,0
105315608,216992649,1,0,0,0,0,0
105315608,276267426,1,0,0,0,0,0
105315608,342644322,3,0,1,1,0,0
105315608,355239882,1,0,0,0,0,0
105410696,142338778,1,0,0,0,0,0
105410696,205709057,1,0,0,0,0,0
105769760,360589685,1,0,0,0,0,0
105852113,160296626,1,0,0,0,0,0
105900884,8774280,2,1,1,1,0,0
105900884,269254273,1,0,0,0,0,0
105923627,154392947,1,0,0,0,0,0
105923627,265094390,3,0,2,1,0,0
106303595,311852459,1,0,0,0,0,0
106316225,310024712,1,0,0,0,0,0
106508942,89954579,1,0,0,0,0,0
106531595,293148296,1,0,0,0,0,0
106531595,368774738,1,0,0,0,0,0
106533248,143552138,1,0,0,0,0,0
106669799,134662302,1,0,0,0,0,0
106745240,140674164,1,0,0,0,0,0
106751135,162596486,1,0,0,0,0,0
106778780,168821643,1,0,0,0,0,0
106797362,326584926,1,0,0,0,0,0
107000186,149930088,1,0,1,0,0,0
107010869,257207031,1,0,0,0,0,0
107143838,150274062,1,0,1,0,0,0
107143838,334254526,1,0,0,0,0,0
107143838,400849438,1,0,0,0,0,0
107177615,108163172,1,0,0,0,0,0
107264015,21743560,1,0,0,0,0,0
107264015,348708404,1,0,1,1,0,0
107295218,135404722,1,0,0,0,0,0
107295218,363134598,1,0,0,0,0,0
107487194,277802476,1,0,0,0,0,0
107487194,329880705,1,0,0,0,0,0
107494922,59717712,1,0,0,0,0,0
107548766,265684971,1,0,0,0,0,0
107609597,89973282,1,0,0,0,0,0
107662949,245930846,1,0,0,0,0,0
107681189,258241327,1,0,0,0,0,0
107784599,216156212,1,0,0,0,0,0
107990435,161577505,1,0,0,0,0,0
108019238,34775593,1,0,0,0,0,0
108068291,187633817,1,1,0,0,0,0
108148217,387982534,2,0,0,0,0,0
108155660,14109697,1,0,0,0,0,0
108170081,48728070,1,0,0,0,0,0
108175886,258047092,1,0,0,0,0,0
108317336,72385602,2,0,0,0,0,0
108317336,382965719,1,0,0,0,0,0
108369059,165427134,1,0,0,0,0,0
108387821,75956652,2,0,0,0,0,0
108387821,159981194,1,0,0,0,0,0
108698588,138366713,1,0,0,0,0,0
108698588,189349099,1,0,0,0,0,0
108714854,4502074,1,0,0,0,0,0
108789776,136214651,1,0,0,0,0,0
108807581,132827303,1,0,0,0,0,0
108809234,97307823,1,0,0,0,0,0
108842399,43477621,4,2,0,0,0,0
108842399,398806670,2,1,0,0,0,0
108992468,184620035,1,0,0,0,0,0
109033763,289948674,1,0,0,0,0,0
109092473,381022814,1,0,0,0,0,0
109128542,199558137,2,0,0,0,0,0
109164452,162121397,1,0,0,0,0,0
109325111,64912863,1,0,0,0,0,0
109325111,205872328,1,0,0,0,0,0
109343627,308226946,1,0,0,0,0,0
109354262,309782196,1,0,0,0,0,0
109415036,363905843,1,0,0,0,0,0
109440197,5949927,1,0,0,0,0,0
109440197,86329410,1,0,0,0,0,0
109440197,159728490,1,0,0,0,0,0
109440197,230431496,1,0,0,0,0,0
109476425,106998890,1,0,0,0,0,0
109538120,229899647,1,0,0,0,0,0
109538120,306504100,1,0,0,0,0,0
109695135,61871534,1,0,0,0,0,0
109733166,10863890,1,0,0,0,0,0
109758018,383928777,1,0,0,0,0,0
109780281,197757650,1,0,0,0,0,0
109971678,126228823,1,0,0,0,0,0
109971678,329398295,1,0,0,0,0,0
110041570,11087824,1,0,0,0,0,0
110041570,174110163,1,0,0,0,0,0
110041570,376809162,1,0,0,0,0,0
110083351,398593554,1,0,0,0,0,0
110154409,193184814,1,0,0,0,0,0
110231950,104975474,1,1,0,0,0,0
110329285,384270539,1,0,1,0,0,0
110418991,99267879,2,0,0,0,0,0
110418991,175400070,2,0,0,0,0,0
110581771,95513694,4,1,1,1,0,0
110600365,133907326,1,0,0,0,0,0
110656648,75809484,1,1,0,0,0,0
110670451,1101949,1,0,0,0,0,0
110670451,35438060,1,0,0,0,0,0
110670451,228921062,1,0,0,0,0,0
110813545,95085420,1,0,0,0,0,0
110813545,169428573,1,0,0,0,0,0
110813545,203699253,1,0,0,0,0,0
110825197,312116368,2,0,0,0,0,0
110883802,3848823,1,0,0,0,0,0
110883802,253212459,1,0,0,0,0,0
110883802,276383629,1,1,0,0,0,0
110883802,309457417,1,0,0,0,0,0
110933884,80198942,1,0,0,0,0,0
110933884,293527611,1,0,0,0,0,0
110961790,210695819,2,0,1,0,0,0
110961790,251816472,1,0,0,0,0,0
110984704,155850189,1,0,0,0,0,0
110984704,391864675,1,0,0,0,0,0
111013189,41649037,1,0,0,0,0,0
111013189,58943025,1,0,0,0,0,0
111013189,300459054,1,0,0,0,0,0
111013189,396835767,1,0,0,0,0,0
111019459,185573086,1,0,0,0,0,0
111089944,27225452,2,0,0,0,0,0
111089944,36140493,1,0,0,0,0,0
111151207,287824233,1,1,0,0,0,0
111174406,97523098,1,0,0,0,0,0
111174406,379714288,1,0,0,0,0,0
111246442,75241182,1,0,0,0,0,0
111246442,267943828,1,0,0,0,0,0
111265081,136852947,1,0,0,0,0,0
111265081,368691030,1,0,0,0,0,0
111385135,352781022,1,0,0,0,0,0
111408175,303205878,1,0,0,0,0,0
111413851,201688442,1,0,0,0,0,0
111500023,228102329,1,0,0,0,0,0
111558415,59801863,1,0,1,0,0,0
111609931,37422477,2,0,0,0,0,0
111609931,139783201,1,0,0,0,0,0
111623089,130848471,1,0,0,0,0,0
111660262,313821047,1,0,0,0,0,0
111834388,319341809,1,0,0,0,0,0
111872749,119905586,1,0,0,0,0,0
111872749,266332048,1,0,0,0,0,0
111944158,1046852,1,0,0,0,0,0
111974116,330807277,1,0,0,0,0,0
112023073,85474810,1,0,0,0,0,0
112027861,215015823,1,0,0,0,0,0
112075708,195905651,1,0,0,0,0,0
112115278,273844509,1,0,0,0,0,0
112141018,73468513,1,0,0,0,0,0
112141018,184439581,1,0,0,0,0,0
112201231,51618652,1,0,0,0,0,0
112272961,180430344,1,0,0,0,0,0
112331227,354311251,1,0,0,0,0,0
112335274,84618026,1,0,1,1,0,0
112471411,265660410,1,0,0,0,0,0
112489390,124103321,1,0,0,0,0,0
112489390,196516706,1,0,0,0,0,0
112518838,251373240,1,0,0,0,0,0
112619968,193978304,1,0,0,0,0,0
112626385,113237133,1,0,0,0,0,0
112633315,339350093,1,0,0,0,0,0
112647019,63053470,1,0,0,0,0,0
112658053,34371995,1,0,0,0,0,0
112658053,122174831,1,0,0,0,0,0
112658053,152093451,1,0,0,0,0,0
112658053,199850691,1,0,0,0,0,0
112658053,260326875,1,0,0,0,0,0
112658053,267818176,1,0,0,0,0,0
112747702,86136878,1,0,0,0,0,0
112840054,224013293,1,0,0,0,0,0
112962217,127079042,2,0,1,0,0,0
113034122,397181645,1,0,0,0,0,0
113151089,272997470,1,0,0,0,0,0
113151659,72165693,1,0,0,0,0,0
113151659,255540093,1,0,0,0,0,0
113251715,404266423,1,0,0,0,0,0
113429489,253235248,1,0,0,0,0,0
113512469,240576128,1,0,0,0,0,0
113609528,159158156,1,0,0,0,0,0
113633615,303088756,1,0,0,0,0,0
113696144,202726556,1,0,0,0,0,0
113743271,64388336,1,0,0,0,0,0
113892248,40370740,1,0,0,0,0,0
113922218,47805138,1,0,0,0,0,0
113922218,236334337,1,0,0,0,0,0
113937242,386787627,1,0,0,0,0,0
113979251,398821603,1,0,0,0,0,0
114069068,336449474,1,0,0,0,0,0
114078962,198586885,1,1,0,0,0,0
114116138,169800017,1,0,0,0,0,0
114116138,284896326,2,0,1,0,0,0
114116138,362053266,1,0,0,0,0,0
114146381,266981492,1,0,0,0,0,0
114277412,130063843,1,0,0,0,0,0
114328130,62248948,6,0,2,0,0,0
114328130,126964425,2,0,0,0,0,0
114431336,22714208,1,0,0,0,0,0
114431336,198984598,1,0,1,0,0,0
114508949,53957685,1,1,0,0,0,0
114515366,241471585,1,0,0,0,0,0
114696296,252226997,1,0,1,0,0,0
114756053,108413977,1,0,0,0,0,0
114756053,306096454,1,0,0,0,0,0
114775433,372259285,1,0,0,0,0,0
114932900,42429102,1,0,0,0,0,0
115006310,183651525,1,0,0,0,0,0
115060736,252577357,1,0,0,0,0,0
115091996,44843137,1,0,0,0,0,0
115091996,103484337,1,0,0,0,0,0
115235783,171743903,1,0,0,0,0,0
115541885,120704553,1,0,0,0,0,0
115575833,309956977,1,0,0,0,0,0
115587485,80233719,1,1,0,0,0,0
115617854,248176535,1,0,0,0,0,0
115788842,299644436,1,0,0,0,0,0
115856090,135025076,1,0,0,0,0,0
115856090,253151952,1,0,0,0,0,0
115856090,307591248,1,0,0,0,0,0
115856090,377099960,1,0,0,0,0,0
115856090,396618118,1,0,0,0,0,0
115897748,358559285,1,0,0,0,0,0
115906685,14843317,1,0,0,0,0,0
115965395,350685332,1,0,0,0,0,0
116075627,221832069,2,0,0,0,0,0
116128625,169383785,1,0,0,0,0,0
116147834,360201665,1,0,0,0,0,0
116167889,159445469,1,0,0,0,0,0
116167889,224309461,1,0,0,0,0,0
116204675,163020872,1,0,0,0,0,0
116213942,80586034,1,0,0,0,0,0
116270315,115838591,1,0,0,0,0,0
116270315,116628074,1,0,0,0,0,0
116447243,278232176,1,0,0,0,0,0
116452520,82150731,1,0,0,0,0,0
116586107,291514985,1,0,0,0,0,0
116592686,311674876,1,0,0,0,0,0
116789402,136931663,1,0,0,0,0,0
116909354,333151000,1,0,0,0,0,0
116909354,384313658,1,0,0,0,0,0
116941445,159891668,1,0,0,0,0,0
116968292,280643620,1,0,0,0,0,0
116985392,67423561,1,0,0,0,0,0
117199100,285890573,1,0,0,0,0,0
117199100,375285780,1,0,0,0,0,0
117205235,209850880,1,0,0,0,0,0
117209225,234555457,1,0,1,0,0,0
117211187,121334244,2,0,0,0,0,0
117211187,312675831,1,0,0,0,0,0
117241943,110998572,1,0,0,0,0,0
117257585,129809646,1,0,0,0,0,0
117272519,191047130,1,0,0,0,0,0
117346094,295231252,1,0,0,0,0,0
117422657,373283062,1,0,0,0,0,0
117460448,351136329,1,0,0,0,0,0
117566660,53407951,1,0,0,0,0,0
117566660,385785547,1,0,0,0,0,0
117642083,372545214,1,0,0,0,0,0
117652766,191590466,1,0,0,0,0,0
117652766,351614836,1,0,0,0,0,0
117719673,246852607,1,0,0,0,0,0
117844662,354567853,1,0,1,0,0,0
117848652,225372288,1,0,0,0,0,0
117880116,266015084,1,0,0,0,0,0
117880116,277946338,1,0,0,0,0,0
117909654,77960875,1,0,0,0,0,0
117955677,181843339,1,0,0,0,0,0
117955677,378505512,1,0,0,0,0,0
118011108,72306627,1,0,0,0,0,0
118011108,94095210,1,0,0,0,0,0
118011108,216166892,1,0,0,0,0,0
118112295,57394203,1,0,0,0,0,0
118133727,154842899,1,0,0,0,0,0
118133727,319264743,1,0,0,0,0,0
118224516,293133816,1,0,0,0,0,0
118359822,4148889,1,0,0,0,0,0
118468158,70028736,2,0,0,0,0,0
118508697,98896444,1,0,0,0,0,0
118524951,347351592,1,0,0,0,0,0
118630104,358697840,3,0,1,1,0,0
118649898,389113659,1,0,0,0,0,0
118733970,359804529,1,0,0,0,0,0
118733970,367872209,1,0,0,0,0,0
118740900,133595225,1,0,0,0,0,0
118740900,303802487,1,0,0,0,0,0
118836582,176350189,1,0,0,0,0,0
118836582,324013122,1,0,0,0,0,0
118996137,273809738,1,0,0,0,0,0
119128620,177832951,2,0,1,0,0,0
119178861,142864130,1,0,0,0,0,0
119193225,214215125,1,0,0,0,0,0
119194869,130480118,1,0,0,0,0,0
119227071,286004372,1,0,0,0,0,0
119227071,369918126,1,0,0,0,0,0
119240523,55641117,1,0,0,0,0,0
119279535,122882285,1,0,0,0,0,0
119346888,42557331,1,0,0,0,0,0
119377710,171446662,1,0,0,0,0,0
119759040,129822584,1,0,0,0,0,0
119946846,55004473,1,0,0,0,0,0
120019864,320440999,2,0,1,0,0,0
120174640,203689262,1,0,0,0,0,0
120174640,242775720,1,0,0,0,0,0
120174640,353744268,2,1,0,0,0,0
120361648,102992997,1,0,0,0,0,0
120467404,335309109,1,0,0,0,0,0
120515776,249330336,1,0,0,0,0,0
120626410,249503477,1,0,0,0,0,0
120660040,194821584,1,0,0,0,0,0
120660040,360038097,1,0,0,0,0,0
120690949,313375843,1,0,0,0,0,0
121038347,216989150,1,0,0,0,0,0
121048289,190239371,1,0,0,0,0,0
121051628,73903703,1,0,0,0,0,0
121068191,16436801,1,0,0,0,0,0
121068191,50469462,1,0,0,0,0,0
121130252,140751570,1,0,0,0,0,0
121186592,65100100,1,0,0,0,0,0
121271681,88294396,1,0,0,0,0,0
121271681,105487115,1,0,0,0,0,0
121271681,197368130,1,0,0,0,0,0
121271681,236898451,1,0,0,0,0,0
121271681,304160901,4,0,1,0,0,0
121299887,377380623,1,0,0,0,0,0
121492295,188800143,1,0,0,0,0,0
121492295,294587847,1,0,0,0,0,0
121492295,317603886,1,0,0,0,0,0
121496285,293920883,1,0,0,0,0,0
121562108,370395691,1,0,0,0,0,0
121575080,5654374,2,0,0,0,0,0
121575080,322964595,1,0,0,0,0,0
121705259,97333010,1,0,0,0,0,0
121873121,104372651,1,0,0,0,0,0
121873121,288222237,1,0,1,0,0,0
121899674,152184098,1,0,0,0,0,0
121929872,277477243,1,0,0,0,0,0
121986074,60870076,1,0,0,0,0,0
122031725,380090625,1,0,0,0,0,0
122132057,261766561,1,0,0,0,0,0
122248781,194109891,1,0,0,0,0,0
122299202,117850055,2,0,0,0,0,0
122379242,226850549,2,0,2,1,0,0
122390642,2277248,1,0,0,0,0,0
122510537,399828849,1,0,0,0,0,0
122512418,1046852,1,0,0,0,0,0
122518346,101425547,1,0,0,0,0,0
122580224,110324554,1,0,0,0,0,0
122677511,258622715,1,0,0,0,0,0
122759831,89021623,1,0,0,0,0,0
122994020,352611201,1,0,0,0,0,0
123021194,42494396,1,0,0,0,0,0
123021194,48060311,1,0,0,0,0,0
123021194,98254712,1,0,0,0,0,0
123021194,138816811,1,0,0,0,0,0
123021194,175796232,1,0,0,0,0,0
123021194,280690643,1,0,0,0,0,0
123021194,358654609,1,0,0,0,0,0
123044507,338186105,1,0,0,0,0,0
123093902,334734874,1,0,0,0,0,0
123110843,188751794,1,0,1,0,0,0
123392219,67920489,1,0,0,0,0,0
123392219,206384636,1,0,0,0,0,0
123504395,393570457,1,0,0,0,0,0
123504509,212379175,1,0,0,0,0,0
123523376,295537846,1,0,0,0,0,0
123646460,44216239,1,0,0,0,0,0
123646460,61127759,1,0,0,0,0,0
123646460,247824458,1,0,0,0,0,0
123650246,359846141,1,0,0,0,0,0
123654464,109624839,1,0,0,0,0,0
123791447,361917031,1,0,0,0,0,0
123920609,401506244,1,0,0,0,0,0
123947627,73067349,1,0,0,0,0,0
124063469,117383478,1,0,0,0,0,0
124166879,104049546,2,0,0,0,0,0
124268417,349891048,1,0,0,0,0,0
124317881,74602270,1,0,0,0,0,0
124410575,149818747,1,0,0,0,0,0
124611590,260138669,1,0,0,0,0,0
124700441,382016477,1,0,0,0,0,0
124722776,130720077,1,0,0,0,0,0
124722776,320936740,1,0,0,0,0,0
124900991,82787867,1,0,0,0,0,0
124956647,45500044,1,0,1,0,0,0
125004701,302078628,1,0,0,0,0,0
125005319,105892155,1,0,0,0,0,0
125042321,17278496,2,0,0,0,0,0
125042321,57580399,1,0,0,0,0,0
125042321,186237445,1,0,0,0,0,0
125042321,388727408,1,0,0,0,0,0
125094272,213012452,1,0,0,0,0,0
125125829,265913426,1,0,0,0,0,0
125130365,223055772,1,0,0,0,0,0
125172374,221197382,1,0,0,0,0,0
125172374,328488636,1,0,0,0,0,0
125433698,235937146,1,0,0,0,0,0
125463827,186088910,1,0,0,0,0,0
125497832,230440251,1,0,0,0,0,0
125528876,39051316,1,1,1,0,0,0
125528876,71985415,6,1,1,1,0,0
125528876,167125592,1,0,0,0,0,0
125528876,309662549,1,0,0,0,0,0
125528876,322148210,1,0,0,0,0,0
125539682,20697450,1,1,0,0,0,0
125563712,153899995,1,0,0,0,0,0
125682959,37075889,1,0,0,0,0,0
125682959,113621010,1,0,0,0,0,0
125952387,312141529,2,0,1,0,0,0
126092292,132557703,1,0,0,0,0,0
126111855,62297660,1,0,0,0,0,0
126153066,295432666,1,0,0,0,0,0
126343275,193957495,1,0,0,0,0,0
126468411,364292946,2,0,0,0,0,0
126738432,302381053,1,0,0,0,0,0
126849846,362157239,1,0,0,0,0,0
126873990,103055745,1,0,0,0,0,0
126885129,165033227,1,0,0,0,0,0
126920490,167463009,1,0,0,0,0,0
126949332,43351061,1,0,0,0,0,0
127138398,224162871,1,0,0,0,0,0
127138398,375582092,1,0,0,0,0,0
127209132,300885292,1,0,0,0,0,0
127321491,69897493,1,0,0,0,0,0
127344690,101162578,1,1,0,0,0,0
127364859,16457273,1,0,0,0,0,0
127378410,203985208,1,0,0,0,0,0
127499196,102848099,1,0,0,0,0,0
127546209,153239414,1,0,0,0,0,0
127616592,100166785,1,0,0,0,0,0
127616592,323173837,1,0,0,0,0,0
127665930,111936393,1,0,0,0,0,0
127665930,201163804,1,0,0,0,0,0
127665930,304742919,2,0,1,1,0,0
127665930,369960606,2,0,1,0,0,0
127665930,400102879,1,0,0,0,0,0
127877619,55016879,2,0,0,0,0,0
127905936,377063099,1,0,0,0,0,0
127916115,183527404,1,0,0,0,0,0
127981176,129418755,1,0,0,0,0,0
128033220,68218752,1,0,0,0,0,0
128043732,306579776,1,0,0,0,0,0
128066361,134294550,1,1,0,0,0,0
128066361,345845108,1,1,0,0,0,0
128136003,77000974,1,0,0,0,0,0
128152467,300059554,1,0,0,0,0,0
128158908,200163560,1,0,0,0,0,0
128170431,215882225,1,1,0,0,0,0
128187888,282101501,1,0,0,0,0,0
128222166,89049866,1,0,0,0,0,0
128222166,289106471,1,0,0,0,0,0
128228607,247607392,1,0,0,0,0,0
128311074,363710908,1,0,0,0,0,0
128319225,378632507,1,0,0,0,0,0
128428188,135406325,1,0,0,0,0,0
128428188,215727832,1,0,0,0,0,0
128608455,96803575,1,0,0,0,0,0
128608455,224217735,2,0,0,0,0,0
128615670,204306612,1,0,0,0,0,0
128639487,21531918,1,0,0,0,0,0
128702811,45074919,1,0,0,0,0,0
128702811,260568245,3,1,0,0,0,0
128702811,284087467,1,0,0,0,0,0
128702811,332986816,1,0,0,0,0,0
128724918,66822104,1,0,1,0,0,0
128753499,51973788,1,0,0,0,0,0
128762937,146871703,1,0,0,0,0,0
128844687,355303386,1,0,0,0,0,0
128891973,136883289,1,0,0,0,0,0
128902392,138765182,1,0,0,0,0,0
128902392,346851845,1,0,0,0,0,0
128912448,198672552,1,0,0,0,0,0
128912448,367832550,1,0,0,0,0,0
129063102,118004243,1,0,0,0,0,0
129136782,95273844,2,0,0,1,0,0
129252276,163946846,1,0,0,0,0,0
129316821,221707015,0,1,0,0,0,0
129395757,315417680,1,0,0,0,0,0
129520929,146363257,1,0,0,0,0,0
129625878,207862634,1,0,0,0,0,0
129641106,45468222,1,0,0,0,0,0
129662025,206269695,1,1,0,0,0,0
129662823,127331814,1,0,0,0,0,0
129687162,295026309,2,0,0,0,0,0
129775149,97201236,1,0,0,0,0,0
129936036,258592575,1,0,0,0,0,0
129970065,54026902,1,0,0,0,0,0
129970065,212333320,1,0,0,0,0,0
129970065,378353023,1,1,0,0,0,0
130118906,182410014,1,0,0,0,0,0
130118906,249740380,1,0,0,0,0,0
130118906,274412707,1,0,1,0,0,0
130127660,150720065,1,0,0,0,0,0
130127660,243874896,1,0,0,0,0,0
130130600,223342559,1,0,0,0,0,0
130162478,34871683,1,0,0,0,0,0
130211828,101683606,1,0,0,0,0,0
130211828,399505471,1,0,0,0,0,0
130215077,177972638,1,0,0,0,0,0
130253609,128475421,1,0,0,0,0,0
130253609,256926460,1,0,0,0,0,0
130338104,133153583,2,0,0,0,0,0
130338104,229159344,1,0,0,0,0,0
130352459,207933039,1,0,0,0,0,0
130388345,254277287,1,0,0,0,0,0
130405628,7846320,1,0,0,0,0,0
130422329,285864424,2,0,0,0,0,0
130507850,29097738,5,0,1,1,0,0
130512101,97808809,1,0,0,0,0,0
130512101,347254929,1,0,0,0,0,0
130549631,274941687,1,0,0,0,0,0
130675466,392826743,1,0,0,0,0,0
130821785,35004593,1,0,0,0,0,0
130821785,115862363,1,0,0,0,0,0
130821785,234631114,1,0,0,0,0,0
130821785,287403742,1,0,0,0,0,0
130851971,14632888,1,0,0,0,0,0
130851971,77555144,1,0,0,0,0,0
130851971,167823757,1,0,0,0,0,0
130851971,256997076,1,0,0,0,0,0
130904570,272997851,1,0,0,0,0,0
130934300,385277990,1,0,0,0,0,0
130940081,23571342,1,0,0,0,0,0
130954127,138299794,1,0,0,0,0,0
131058920,262049563,1,0,0,0,0,0
131073512,2344210,1,0,0,0,0,0
131355185,369917319,1,0,0,0,0,0
131507774,142716697,1,0,0,0,0,0
131550671,160977723,1,0,0,1,0,0
131670953,370836098,1,0,0,0,0,0
131716166,71261166,1,0,0,0,0,0
131739593,390292716,1,0,0,0,0,0
131771456,181686669,1,0,0,0,0,0
131801027,403535641,1,0,0,0,0,0
131856122,202748938,1,0,0,0,0,0
131856122,302089359,1,0,0,0,0,0
131856122,334674323,1,0,0,0,0,0
131856122,335301114,1,0,0,0,0,0
131918369,13543209,1,0,0,0,0,0
131975939,24106245,1,0,0,0,0,0
131975939,285364607,2,0,0,0,0,0
132064169,119365031,1,0,0,0,0,0
132064169,165963343,1,0,0,0,0,0
132159746,401647121,1,0,0,0,0,0
132236660,5819346,1,0,0,0,0,0
132236660,19561329,1,0,0,0,0,0
132236660,22345924,1,0,0,0,0,0
132236660,146405380,1,0,0,0,0,0
132236660,173025064,1,0,0,0,0,0
132236660,246852723,1,0,0,0,0,0
132236660,270145906,2,0,1,0,0,0
132236660,358628721,1,0,1,0,0,0
132377291,264469913,3,0,1,1,0,0
132489341,368205323,1,0,0,0,0,0
132533666,382513576,1,0,0,0,0,0
132540653,260255639,1,0,0,0,0,0
132541898,119451587,1,0,0,0,0,0
132541898,181382786,1,0,0,0,0,0
132541898,188061706,1,0,0,0,0,0
132541898,190890389,1,0,0,0,0,0
132614171,59440364,1,0,0,0,0,0
132708656,97670731,1,0,0,0,0,0
132953186,56337537,1,0,0,0,0,0
132976955,51471501,1,0,0,0,0,0
132976955,332036115,1,0,0,0,0,0
132985025,120499703,1,0,0,0,0,0
132985025,371898227,1,0,0,0,0,0
132994520,175504673,1,0,0,0,0,0
133052897,344785858,1,0,0,0,0,0
133057124,367465616,1,0,0,0,0,0
133162895,232189326,2,0,1,0,0,0
133409408,156394710,1,0,0,0,0,0
133468346,216935570,1,0,0,0,0,0
133474868,276316706,1,0,0,0,0,0
133561895,61195487,2,0,1,1,0,0
133597154,133121491,1,1,0,0,0,0
133597154,277765896,1,0,0,0,0,0
133604381,55767877,1,0,0,0,0,0
133642742,95134227,1,0,0,0,0,0
133658783,261076020,1,0,0,0,0,0
133768154,119392038,1,0,0,0,0,0
133829156,256187211,1,0,0,0,0,0
133861019,240034334,2,1,0,0,0,0
133898378,280602982,1,0,0,0,0,0
133966344,175416787,1,0,0,0,0,0
134015871,338184813,1,0,0,0,0,0
134015871,360806251,1,0,0,0,0,0
134143587,1276607,1,0,0,0,0,0
134255067,36570545,2,0,0,0,0,0
134255067,91044632,1,0,0,0,0,0
134255067,250829375,1,0,0,0,0,0
134255067,251303133,1,0,0,0,0,0
134255067,335624370,1,0,0,0,0,0
134257746,306785113,1,0,0,0,0,0
134327445,159667689,1,0,0,0,0,0
134400141,98656648,2,0,1,0,0,0
134428746,354432714,1,0,0,0,0,0
134479053,16122345,1,0,0,0,0,0
134479053,238932783,1,0,0,0,0,0
134545503,120552701,1,0,0,0,0,0
134545503,140308388,1,0,0,0,0,0
134576592,184043214,1,0,0,0,0,0
134593008,164284264,1,0,0,0,0,0
134593008,281954607,1,0,0,0,0,0
134593008,315630697,1,0,0,0,0,0
134669262,67755783,1,0,0,0,0,0
134669262,284172776,1,0,0,0,0,0
134670150,62156634,1,0,0,0,0,0
134792712,173474519,2,0,0,0,0,0
134826102,276951907,1,0,0,0,0,0
134859813,166531552,1,0,0,1,0,0
134859813,251124584,2,0,0,0,0,0
134859813,390721876,1,0,0,0,0,0
134966268,197489806,1,0,0,0,0,0
134994117,257621398,1,0,0,0,0,0
135201786,142500414,1,0,0,0,0,0
135292392,372682626,3,1,0,0,0,0
135378246,21866002,1,0,0,0,0,0
135378246,119664849,1,0,0,0,0,0
135391755,116864445,1,0,0,0,0,0
135439077,211022692,1,0,0,0,0,0
135444981,189292001,1,0,0,0,0,0
135539532,90980603,1,0,0,0,0,0
135539532,346452945,1,0,0,0,0,0
135567210,78957582,1,0,1,0,0,0
135685611,321657057,1,0,0,0,0,0
135723243,333316810,1,0,0,0,0,0
135767532,249690939,1,0,0,0,0,0
135803625,100413976,1,0,0,0,0,0
135809553,147348649,1,1,0,0,0,0
135809553,235729550,3,1,0,0,0,0
135809553,240474756,1,1,0,0,0,0
135809553,343680046,1,0,0,0,0,0
135809553,370660812,1,0,0,0,0,0
135919551,118506936,1,0,0,0,0,0
135961356,383562642,1,0,0,0,0,0
135974214,89210273,1,0,0,0,0,0
135974214,218761289,1,0,0,0,0,0
135986094,136840138,1,0,0,0,0,0
135986094,152919824,2,0,1,0,0,0
135986094,171168237,1,0,0,0,0,0
135986094,287157569,1,0,0,0,0,0
136283010,374414110,2,1,0,0,0,0
136286592,65322515,1,0,0,0,0,0
136286592,105311104,1,0,0,0,0,0
136286592,239683136,1,0,0,0,0,0
136457592,93889067,1,1,0,0,0,0
136459017,221969716,1,0,0,0,0,0
136476915,311358004,1,0,0,0,0,0
136476915,319985141,1,0,0,0,0,0
136509498,81319665,1,0,0,0,0,0
136534221,226537329,1,0,0,0,0,0
136652850,46588783,3,1,0,0,0,0
136652850,290379582,1,0,0,0,0,0
136652850,297498407,1,0,0,0,0,0
136673370,291865972,1,0,0,0,0,0
136911096,373769744,1,0,0,0,0,0
136911096,378840275,1,0,0,0,0,0
136938627,251394326,1,1,0,0,0,0
136948968,19222846,1,0,0,0,0,0
137092089,319779892,1,0,0,0,0,0
137285043,177912248,1,0,0,0,0,0
137344506,55280824,1,0,0,0,0,0
137344506,110857751,2,0,0,0,0,0
137365881,338012420,1,0,0,0,0,0
137445864,195895922,1,0,0,0,0,0
137524602,200007469,2,1,0,0,0,0
137534145,105927146,1,0,0,0,0,0
137534145,126408928,1,0,0,0,0,0
137534145,342907582,1,0,0,0,0,0
137534145,393949002,1,0,0,0,0,0
137595762,294916133,3,0,0,1,0,0
137640381,61958808,1,0,0,0,0,0
137758701,156753237,1,0,0,0,0,0
137818269,53387349,2,0,0,0,0,0
137844636,34947101,1,0,0,0,0,0
137856687,165725003,1,0,0,0,0,0
137909856,313474822,1,0,0,0,0,0
138140517,286941117,1,0,0,0,0,0
138210216,359397344,1,0,0,0,0,0
138258552,290350915,1,0,0,0,0,0
138404221,76188330,1,0,0,0,0,0
138538435,89759710,1,0,0,0,0,0
138604543,93308286,1,0,0,0,0,0
138629452,276661422,1,0,0,0,0,0
138629452,301578814,1,0,0,0,0,0
138661315,393642172,1,0,0,0,0,0
138673708,371150215,1,0,0,0,0,0
138679807,186809442,1,0,0,0,0,0
138754270,114714917,1,0,0,0,0,0
138754270,290291426,1,0,0,0,0,0
138796450,184081436,1,0,0,0,0,0
138796450,310561521,1,0,0,0,0,0
138821908,241506647,1,0,0,0,0,0
138912184,126031444,1,0,0,0,0,0
139010251,57474847,1,1,0,0,0,0
139010251,267175133,1,0,0,0,0,0
139065898,204196509,2,0,1,1,0,0
139154977,172635038,1,0,0,0,0,0
139157380,24743618,1,0,0,0,0,0
139604638,274997194,1,0,0,0,0,0
139705369,296206019,1,0,0,0,0,0
139887505,58935501,2,0,0,0,0,0
139887505,59141758,2,0,1,0,0,0
139887505,115442683,1,0,0,0,0,0
139887505,200813487,1,0,0,1,0,0
139940128,108275033,1,0,0,0,0,0
140015654,1248109,1,0,1,0,0,0
140104163,346268850,2,1,0,0,0,0
140257187,358349090,1,0,0,0,0,0
140321927,198658513,2,0,0,0,0,0
140439107,224861726,1,0,0,0,0,0
140450963,357104534,1,0,0,0,0,0
140490065,146610061,1,0,0,0,0,0
140506688,42148245,1,0,0,0,0,0
140509661,104454458,1,0,0,0,0,0
140557337,46323926,2,1,0,0,0,0
140557337,142737727,2,0,0,0,0,0
140692268,356428966,1,0,0,0,0,0
140724119,1460533,1,1,0,0,0,0
140726057,349008471,1,0,0,0,0,0
141043256,201688442,1,0,0,0,0,0
141043256,329419723,1,0,0,0,0,0
141083555,402424281,2,0,1,1,0,0
141193724,144283639,4,0,0,1,0,0
141227570,62138860,1,0,0,0,0,0
141227570,341709341,4,1,0,0,0,0
141320207,175095222,1,0,0,0,0,0
141343691,24239582,1,0,0,0,0,0
141423047,80270130,1,0,0,0,0,0
141423047,136660150,1,0,0,0,0,0
141531335,194848360,1,0,0,0,0,0
141531335,218730196,1,0,0,0,0,0
141625649,202204502,1,0,0,0,0,0
141625649,319710406,1,0,0,0,0,0
141736340,23880715,1,0,0,0,0,0
141921809,228345148,1,0,0,0,0,0
141970406,140860302,1,0,0,0,0,0
142014633,167822567,1,0,0,0,0,0
142014633,247550928,1,0,0,0,0,0
142191573,1046852,1,0,0,0,0,0
142229751,201398755,1,0,0,0,0,0
142258617,166854508,1,0,0,0,0,0
142258617,351398204,1,0,0,0,0,0
142287768,293594279,1,0,0,0,0,0
142349007,276985799,1,0,0,0,0,0
142368216,141234412,1,0,0,0,0,0
1612714,404400659,2,0,0,0,1,1
1953838,243247546,4,0,2,0,1,1
2354668,203776402,1,0,0,0,1,1
4209449,159211259,1,0,1,0,1,1
4498439,323582185,1,0,1,0,1,1
4860935,101081429,3,1,0,0,1,1
10238478,333849847,5,0,0,0,1,1
11105622,76787566,2,0,1,0,1,1
11279964,168681351,9,0,0,8,1,1
11583387,331360754,1,0,1,0,1,1
12215373,373509625,1,0,1,0,1,1
12215373,381086181,1,0,0,0,1,1
12473103,248284997,2,1,0,0,1,1
12473103,258181460,1,1,0,1,1,1
12952941,254429075,2,0,1,0,1,1
13466895,254124174,1,0,1,0,1,1
13642146,121202907,1,1,0,0,1,1
14695090,385697152,1,0,0,0,1,1
16077718,217396054,1,0,1,0,1,1
16077718,336873282,1,0,1,0,1,1
16401055,304490427,1,0,0,0,1,1
17562880,106949192,3,1,1,0,1,1
19864337,96158457,1,0,0,0,1,1
20208411,203389922,1,0,0,0,1,1
20231406,209063561,1,0,1,0,1,1
23730268,40915688,3,0,0,0,1,1
23730268,82525521,0,0,1,0,1,1
23730268,115790989,7,0,1,0,1,1
23730268,214958914,4,0,2,0,1,1
23730268,281571384,2,0,1,0,1,1
23730268,298432936,2,0,1,0,1,1
23730268,322839598,3,0,2,0,1,1
23730268,386601307,1,0,1,0,1,1
25737649,142386913,6,1,0,0,1,1
25737649,336145229,1,0,0,0,1,1
26707063,221949202,5,0,0,0,1,1
27317801,263004073,1,0,1,0,1,1
27831488,57661436,1,0,1,0,1,1
28785719,239313404,1,0,1,0,1,1
29194001,163374588,1,0,1,0,1,1
29194001,297205870,1,0,1,0,1,1
29194001,345757313,1,0,1,0,1,1
29194001,396617875,1,0,1,0,1,1
29225615,121114529,2,0,0,2,1,1
29396660,399786339,1,0,1,0,1,1
29545478,91082397,1,0,0,0,1,1
30404274,260512685,3,1,0,0,1,1
30657582,321646366,1,0,0,0,1,1
31256146,29222149,2,0,1,0,1,1
32840272,137524205,3,0,1,0,1,1
38992559,322008056,1,0,0,0,1,1
39361112,287860262,1,0,0,0,1,1
40387240,400499276,1,0,0,0,1,1
40581634,343611241,1,1,0,0,1,1
40824670,307989771,1,1,1,0,1,1
42096946,386241735,4,0,2,0,1,1
43231261,380090625,1,0,1,0,1,1
44445188,289955323,1,1,0,0,1,1
44754434,72173655,2,0,0,0,1,1
44754434,89110033,4,0,0,0,1,1
44754434,336648539,2,0,0,0,1,1
44754434,372506282,1,0,0,0,1,1
47671268,211374718,1,0,1,0,1,1
48362340,43508009,1,0,0,0,1,1
48594900,283170155,1,0,0,0,1,1
48790890,20650412,2,0,2,0,1,1
48790890,54960667,2,0,2,0,1,1
48790890,81081308,2,0,2,0,1,1
48790890,175815755,1,0,2,0,1,1
48790890,183562502,1,0,2,0,1,1
48790890,212379175,1,0,2,0,1,1
48790890,268488417,2,0,2,0,1,1
48790890,283107792,1,0,2,0,1,1
48790890,360309187,2,0,2,0,1,1
50122210,104202558,2,0,0,0,1,1
50142094,65320582,1,0,0,0,1,1
50142094,69597321,11,1,1,0,1,1
50142094,122290006,1,0,0,0,1,1
51486058,155369656,1,0,0,0,1,1
54594113,6039035,1,0,0,0,1,1
54915080,125666923,2,1,0,0,1,1
56162253,29857043,1,0,0,0,1,1
56174019,371475773,1,0,1,0,1,1
56708793,383720130,1,0,0,0,1,1
59165397,9819823,1,1,0,0,1,1
59165397,106961622,1,1,0,0,1,1
59165397,326941176,2,1,0,0,1,1
60055943,277207232,2,0,0,0,1,1
60262625,390966137,1,0,0,0,1,1
60489965,94037715,1,0,0,0,1,1
60489965,337446577,3,0,1,0,1,1
60958037,167074648,2,1,0,0,1,1
60958037,404387205,3,1,0,0,1,1
61763771,156579976,1,0,1,0,1,1
62798888,33168111,2,0,0,0,1,1
62844941,47909770,2,0,1,0,1,1
63900632,102100558,1,0,0,0,1,1
64642563,108555577,1,0,0,0,1,1
64642563,206137940,2,0,0,0,1,1
100260715,195684081,3,0,1,0,1,1
100442521,87030081,3,0,1,0,1,1
100442521,244784735,4,0,1,0,1,1
100442521,362002225,2,0,1,0,1,1
100692286,219190080,1,0,1,0,1,1
101680957,89635354,1,0,1,0,1,1
101680957,353181987,1,0,0,0,1,1
102170866,187234778,2,0,1,0,1,1
103459768,237669349,1,0,1,0,1,1
103507702,290318574,2,0,1,0,1,1
104244022,229407585,1,0,0,0,1,1
105315608,31073638,3,0,0,0,1,1
105315608,145242115,8,0,0,0,1,1
105792755,382358582,1,0,1,0,2,1
106751135,11196173,1,1,0,0,1,1
106778951,54375951,2,0,1,0,1,1
106778951,116609901,3,0,0,0,1,1
106778951,389129871,1,0,0,0,1,1
107100014,354111710,0,0,1,0,1,1
108485978,349007012,1,0,1,0,1,1
108485978,399655354,1,0,1,0,1,1
108898700,314268042,1,0,0,0,1,1
109041596,331825335,2,1,0,0,1,1
109440197,65089548,1,0,0,0,1,1
110068303,101726918,1,0,0,0,1,1
110083351,221871,2,0,0,0,1,1
110083351,135494766,1,0,0,0,1,1
110083351,247894787,1,0,0,0,1,1
110202001,318125139,2,1,2,0,1,1
110216161,352912570,2,0,0,0,1,1
110948224,355719950,1,0,0,0,1,1
111311287,21520454,2,0,1,0,1,1
111311287,219467362,3,0,1,0,1,1
111311287,245836111,1,0,0,0,1,1
111311287,307935920,2,0,1,0,1,1
112600231,296456902,1,0,0,0,1,1
112896793,355937939,1,0,1,0,1,1
114020513,170548077,1,0,1,0,1,1
114020513,219849774,2,0,0,0,1,1
114328130,241271183,2,0,1,0,1,1
115034996,2432119,4,0,1,0,1,1
115091996,22251811,2,0,0,0,1,1
115594814,283359594,2,0,0,0,1,1
116592686,49002319,1,1,1,0,1,1
116592686,172241091,3,1,2,0,1,1
116592686,250289765,3,0,2,0,1,1
116592686,329018160,1,0,0,0,1,1
116939540,295600442,4,0,0,0,1,1
117086129,288147598,1,0,0,0,1,1
117308645,79575014,2,0,1,0,1,1
118630104,386516129,1,0,1,0,1,1
121986074,363765571,1,0,1,0,1,1
122132057,329624631,5,1,0,0,1,1
122802170,45438516,1,0,0,0,1,1
122986796,401793249,1,1,0,0,1,1
123384614,79962062,1,0,1,0,1,1
123609059,335081779,1,1,0,0,1,1
124299848,117991581,1,0,0,0,1,1
124700441,192074764,1,0,1,1,1,1
125042321,200288801,2,0,1,0,1,1
125402837,398869184,1,0,1,0,1,1
126949332,186884390,1,1,0,0,1,1
128535231,305613858,1,0,1,0,1,1
130756541,30853130,4,0,1,1,1,1
130979492,211722381,2,0,2,1,1,1
130998815,84836985,1,0,0,0,1,1
131620940,142375514,1,0,1,0,1,1
131978114,114601359,1,0,0,0,1,1
131978114,132723173,1,0,1,0,1,1
131982926,139875318,1,0,0,0,1,1
132236660,388700952,1,0,0,0,1,1
132506852,303332989,1,0,1,0,1,1
132626507,23327691,1,0,1,0,1,1
133474868,154695732,1,1,0,0,1,1
133679246,29037240,3,0,1,0,1,1
133911876,183385466,1,0,1,0,1,1
134241933,83002244,2,0,2,0,1,1
134241933,132756125,4,0,1,0,1,1
134241933,253877284,1,0,1,0,1,1
134327445,33880405,2,0,1,0,1,1
134327445,241747558,1,0,1,0,1,1
135378246,25988411,2,0,1,0,1,1
135378246,112189655,1,0,1,0,1,1
135378246,167349742,3,0,1,0,1,1
135378246,190621528,1,0,1,0,1,1
137534145,20496844,1,0,0,0,1,1
138062871,264226521,2,0,1,0,1,1
138062871,400617950,1,0,1,0,1,1
138397644,229829564,1,0,0,0,1,1
138589540,105209861,2,0,0,0,1,1
139251889,341690127,2,1,0,0,1,1
140763800,303625840,1,1,0,0,1,1
142014633,143149727,2,0,1,0,1,1
